1,리오레이아,하위,타겟 보수,자화룡의 비늘,14
2,리오레이아,하위,타겟 보수,자화룡의 갑각,28
3,리오레이아,하위,타겟 보수,자화룡의 익막,19
4,리오레이아,하위,타겟 보수,자화룡의 가시,7
5,리오레이아,하위,타겟 보수,화염주머니,17
6,리오레이아,하위,타겟 보수,용골【대】,13
7,리오레이아,하위,타겟 보수,자화룡의 역린,2
8,리오레이아,하위,갈무리 소재,자화룡의 비늘,38
9,리오레이아,하위,갈무리 소재,자화룡의 갑각,26
10,리오레이아,하위,갈무리 소재,자화룡의 익막,17
11,리오레이아,하위,갈무리 소재,자화룡의 가시,5
12,리오레이아,하위,갈무리 소재,화염주머니,13
13,리오레이아,하위,갈무리 소재,자화룡의 역린,1
14,리오레이아,하위,갈무리 소재,자화룡의 가시,40
15,리오레이아,하위,갈무리 소재,자화룡의 비늘,50
16,리오레이아,하위,갈무리 소재,화룡의 골수,7
17,리오레이아,하위,갈무리 소재,자화룡의 역린,3
18,리오레이아,하위,포획 보수,자화룡의 비늘,16
19,리오레이아,하위,포획 보수,자화룡의 갑각,34
20,리오레이아,하위,포획 보수,화룡의 날개발톱,14
21,리오레이아,하위,포획 보수,화룡의 골수,12
22,리오레이아,하위,포획 보수,화염주머니,21
23,리오레이아,하위,포획 보수,자화룡의 역린,3
24,리오레이아,하위,부위 파괴 보수,자화룡의 비늘,60
25,리오레이아,하위,부위 파괴 보수,자화룡의 갑각,36
26,리오레이아,하위,부위 파괴 보수,자화룡의 역린,4
27,리오레이아,하위,부위 파괴 보수,화룡의 날개발톱,80
28,리오레이아,하위,부위 파괴 보수,자화룡의 익막,20
29,리오레이아,하위,부위 파괴 보수,자화룡의 갑각,29
30,리오레이아,하위,부위 파괴 보수,자화룡의 가시,70
31,리오레이아,하위,부위 파괴 보수,자화룡의 역린,1
32,리오레이아,하위,유실물,자화룡의 비늘,45
33,리오레이아,하위,유실물,자화룡의 가시,4
34,리오레이아,하위,유실물,자화룡의 역린,1
35,리오레이아,하위,유실물,용의 눈물방울,50
36,리오레이아,하위,유실물,자화룡의 비늘,45
37,리오레이아,하위,유실물,자화룡의 갑각,39
38,리오레이아,하위,유실물,화룡의 날개발톱,15
39,리오레이아,하위,유실물,자화룡의 가시,1
40,리오레이아,하위,동반자 아이루의 수집품,자화룡의 비늘,39
41,리오레이아,하위,동반자 아이루의 수집품,자화룡의 갑각,26
42,리오레이아,하위,동반자 아이루의 수집품,자화룡의 익막,21
43,리오레이아,하위,동반자 아이루의 수집품,화염주머니,13
44,리오레이아,하위,동반자 아이루의 수집품,화룡의 골수,1
45,리오레이아,상위,타겟 보수,자화룡의 비늘+,14
46,리오레이아,상위,타겟 보수,자화룡의 견갑각,31
47,리오레이아,상위,타겟 보수,자화룡의 익막,12
48,리오레이아,상위,타겟 보수,자화룡의 가시+,7
49,리오레이아,상위,타겟 보수,폭염주머니,18
50,리오레이아,상위,타겟 보수,첨룡골,12
51,리오레이아,상위,타겟 보수,자화룡의 역린,5
52,리오레이아,상위,타겟 보수,자화룡의 홍옥,1
53,리오레이아,상위,갈무리 소재,자화룡의 비늘+,43
54,리오레이아,상위,갈무리 소재,자화룡의 견갑각,31
55,리오레이아,상위,갈무리 소재,자화룡의 가시+,5
56,리오레이아,상위,갈무리 소재,폭염주머니,17
57,리오레이아,상위,갈무리 소재,자화룡의 역린,3
58,리오레이아,상위,갈무리 소재,자화룡의 홍옥,1
59,리오레이아,상위,갈무리 소재,자화룡의 가시+,40
60,리오레이아,상위,갈무리 소재,자화룡의 비늘+,35
61,리오레이아,상위,갈무리 소재,화룡의 골수,10
62,리오레이아,상위,갈무리 소재,화룡의 연수,7
63,리오레이아,상위,갈무리 소재,자화룡의 역린,5
64,리오레이아,상위,갈무리 소재,자화룡의 홍옥,3
65,리오레이아,상위,포획 보수,자화룡의 비늘+,12
66,리오레이아,상위,포획 보수,자화룡의 견갑각,25
67,리오레이아,상위,포획 보수,화룡의 예리날개발톱,13
68,리오레이아,상위,포획 보수,화룡의 골수,12
69,리오레이아,상위,포획 보수,화룡의 연수,10
70,리오레이아,상위,포획 보수,폭염주머니,20
71,리오레이아,상위,포획 보수,자화룡의 역린,5
72,리오레이아,상위,포획 보수,자화룡의 홍옥,3
73,리오레이아,상위,부위 파괴 보수,자화룡의 비늘+,60
74,리오레이아,상위,부위 파괴 보수,자화룡의 견갑각,30
75,리오레이아,상위,부위 파괴 보수,자화룡의 역린,7
76,리오레이아,상위,부위 파괴 보수,자화룡의 홍옥,3
77,리오레이아,상위,부위 파괴 보수,화룡의 예리날개발톱,80
78,리오레이아,상위,부위 파괴 보수,자화룡의 익막,20
79,리오레이아,상위,부위 파괴 보수,자화룡의 견갑각,26
80,리오레이아,상위,부위 파괴 보수,자화룡의 가시+,70
81,리오레이아,상위,부위 파괴 보수,자화룡의 역린,3
82,리오레이아,상위,부위 파괴 보수,자화룡의 홍옥,1
83,리오레이아,상위,유실물,자화룡의 비늘+,42
84,리오레이아,상위,유실물,자화룡의 가시+,4
85,리오레이아,상위,유실물,자화룡의 역린,3
86,리오레이아,상위,유실물,자화룡의 홍옥,1
87,리오레이아,상위,유실물,용의 눈물방울,20
88,리오레이아,상위,유실물,용의 큰눈물방울,30
89,리오레이아,상위,유실물,자화룡의 비늘+,44
90,리오레이아,상위,유실물,자화룡의 견갑각,39
91,리오레이아,상위,유실물,화룡의 예리날개발톱,15
92,리오레이아,상위,유실물,자화룡의 가시+,1
93,리오레이아,상위,유실물,자화룡의 역린,1
94,리오레이아,상위,동반자 아이루의 수집품,자화룡의 비늘+,39
95,리오레이아,상위,동반자 아이루의 수집품,자화룡의 견갑각,26
96,리오레이아,상위,동반자 아이루의 수집품,자화룡의 익막,10
97,리오레이아,상위,동반자 아이루의 수집품,폭염주머니,21
98,리오레이아,상위,동반자 아이루의 수집품,자화룡의 역린,3
99,리오레이아,상위,동반자 아이루의 수집품,화룡의 연수,1
100,리오레우스,하위,타겟 보수,화룡의 비늘,16
101,리오레우스,하위,타겟 보수,화룡의 갑각,31
102,리오레우스,하위,타겟 보수,화룡의 익막,23
103,리오레우스,하위,타겟 보수,화룡의 꼬리,7
104,리오레우스,하위,타겟 보수,화염주머니,14
105,리오레우스,하위,타겟 보수,화룡의 골수,7
106,리오레우스,하위,타겟 보수,화룡의 역린,2
107,리오레우스,하위,갈무리 소재,화룡의 비늘,38
108,리오레우스,하위,갈무리 소재,화룡의 갑각,24
109,리오레우스,하위,갈무리 소재,화룡의 익막,20
110,리오레우스,하위,갈무리 소재,화염주머니,12
111,리오레우스,하위,갈무리 소재,화룡의 골수,5
112,리오레우스,하위,갈무리 소재,화룡의 역린,1
113,리오레우스,하위,갈무리 소재,화룡의 비늘,20
114,리오레우스,하위,갈무리 소재,화룡의 꼬리,70
115,리오레우스,하위,갈무리 소재,화룡의 골수,7
116,리오레우스,하위,갈무리 소재,화룡의 역린,3
117,리오레우스,하위,포획 보수,화룡의 갑각,30
118,리오레우스,하위,포획 보수,화룡의 익막,27
119,리오레우스,하위,포획 보수,화룡의 꼬리,19
120,리오레우스,하위,포획 보수,화룡의 날개발톱,14
121,리오레우스,하위,포획 보수,화룡의 골수,7
122,리오레우스,하위,포획 보수,화룡의 역린,3
123,리오레우스,하위,부위 파괴 보수,화룡의 비늘,66
124,리오레우스,하위,부위 파괴 보수,화룡의 갑각,30
125,리오레우스,하위,부위 파괴 보수,화룡의 역린,4
126,리오레우스,하위,부위 파괴 보수,화룡의 날개발톱,75
127,리오레우스,하위,부위 파괴 보수,화룡의 익막,25
128,리오레우스,하위,부위 파괴 보수,화룡의 갑각,68
129,리오레우스,하위,부위 파괴 보수,화룡의 골수,30
130,리오레우스,하위,부위 파괴 보수,화룡의 역린,2
131,리오레우스,하위,유실물,화룡의 비늘,37
132,리오레우스,하위,유실물,화룡의 날개발톱,12
133,리오레우스,하위,유실물,화룡의 역린,1
134,리오레우스,하위,유실물,용의 눈물방울,50
135,리오레우스,하위,유실물,화룡의 비늘,50
136,리오레우스,하위,유실물,화룡의 갑각,30
137,리오레우스,하위,유실물,화룡의 날개발톱,20
138,리오레우스,하위,동반자 아이루의 수집품,화룡의 비늘,34
139,리오레우스,하위,동반자 아이루의 수집품,화룡의 갑각,27
140,리오레우스,하위,동반자 아이루의 수집품,화룡의 익막,24
141,리오레우스,하위,동반자 아이루의 수집품,화염주머니,14
142,리오레우스,하위,동반자 아이루의 수집품,화룡의 골수,1
143,리오레우스,상위,타겟 보수,화룡의 비늘+,15
144,리오레우스,상위,타겟 보수,화룡의 견갑각,27
145,리오레우스,상위,타겟 보수,화룡의 날개,20
146,리오레우스,상위,타겟 보수,폭염주머니,15
147,리오레우스,상위,타겟 보수,화룡의 골수,10
148,리오레우스,상위,타겟 보수,화룡의 연수,7
149,리오레우스,상위,타겟 보수,화룡의 역린,5
150,리오레우스,상위,타겟 보수,화룡의 홍옥,1
151,리오레우스,상위,갈무리 소재,화룡의 비늘+,36
152,리오레우스,상위,갈무리 소재,화룡의 견갑각,24
153,리오레우스,상위,갈무리 소재,화룡의 날개,19
154,리오레우스,상위,갈무리 소재,폭염주머니,12
155,리오레우스,상위,갈무리 소재,화룡의 연수,5
156,리오레우스,상위,갈무리 소재,화룡의 역린,3
157,리오레우스,상위,갈무리 소재,화룡의 홍옥,1
158,리오레우스,상위,갈무리 소재,화룡의 비늘+,13
159,리오레우스,상위,갈무리 소재,화룡의 꼬리,60
160,리오레우스,상위,갈무리 소재,화룡의 골수,12
161,리오레우스,상위,갈무리 소재,화룡의 연수,7
162,리오레우스,상위,갈무리 소재,화룡의 역린,5
163,리오레우스,상위,갈무리 소재,화룡의 홍옥,3
164,리오레우스,상위,포획 보수,화룡의 견갑각,32
165,리오레우스,상위,포획 보수,화룡의 날개,27
166,리오레우스,상위,포획 보수,화룡의 꼬리,12
167,리오레우스,상위,포획 보수,화룡의 예리날개발톱,14
168,리오레우스,상위,포획 보수,화룡의 연수,7
169,리오레우스,상위,포획 보수,화룡의 역린,5
170,리오레우스,상위,포획 보수,화룡의 홍옥,3
171,리오레우스,상위,부위 파괴 보수,화룡의 비늘+,63
172,리오레우스,상위,부위 파괴 보수,화룡의 견갑각,26
173,리오레우스,상위,부위 파괴 보수,화룡의 역린,7
174,리오레우스,상위,부위 파괴 보수,화룡의 홍옥,4
175,리오레우스,상위,부위 파괴 보수,화룡의 예리날개발톱,70
176,리오레우스,상위,부위 파괴 보수,화룡의 날개,30
177,리오레우스,상위,부위 파괴 보수,화룡의 견갑각,45
178,리오레우스,상위,부위 파괴 보수,화룡의 골수,20
179,리오레우스,상위,부위 파괴 보수,화룡의 연수,30
180,리오레우스,상위,부위 파괴 보수,화룡의 역린,4
181,리오레우스,상위,부위 파괴 보수,화룡의 홍옥,1
182,리오레우스,상위,유실물,화룡의 비늘+,34
183,리오레우스,상위,유실물,화룡의 예리날개발톱,12
184,리오레우스,상위,유실물,화룡의 역린,3
185,리오레우스,상위,유실물,화룡의 홍옥,1
186,리오레우스,상위,유실물,용의 눈물방울,15
187,리오레우스,상위,유실물,용의 큰눈물방울,35
188,리오레우스,상위,유실물,화룡의 비늘+,50
189,리오레우스,상위,유실물,화룡의 견갑각,30
190,리오레우스,상위,유실물,화룡의 예리날개발톱,19
191,리오레우스,상위,유실물,화룡의 역린,1
192,리오레우스,상위,동반자 아이루의 수집품,화룡의 비늘+,33
193,리오레우스,상위,동반자 아이루의 수집품,화룡의 견갑각,26
194,리오레우스,상위,동반자 아이루의 수집품,화룡의 날개,23
195,리오레우스,상위,동반자 아이루의 수집품,폭염주머니,14
196,리오레우스,상위,동반자 아이루의 수집품,화룡의 역린,3
197,리오레우스,상위,동반자 아이루의 수집품,화룡의 연수,1
198,푸루푸루,하위,타겟 보수,물컹물컹한 가죽,15
199,푸루푸루,하위,타겟 보수,수상한 이빨,29
200,푸루푸루,하위,타겟 보수,알비노 진액,20
201,푸루푸루,하위,타겟 보수,알비노 늑골,8
202,푸루푸루,하위,타겟 보수,전기주머니,18
203,푸루푸루,하위,타겟 보수,용골【중】,10
204,푸루푸루,하위,갈무리 소재,물컹물컹한 가죽,36
205,푸루푸루,하위,갈무리 소재,수상한 이빨,21
206,푸루푸루,하위,갈무리 소재,알비노 진액,28
207,푸루푸루,하위,갈무리 소재,전기주머니,15
208,푸루푸루,하위,포획 보수,물컹물컹한 가죽,16
209,푸루푸루,하위,포획 보수,수상한 이빨,33
210,푸루푸루,하위,포획 보수,알비노 진액,23
211,푸루푸루,하위,포획 보수,알비노 늑골,10
212,푸루푸루,하위,포획 보수,전기주머니,18
213,푸루푸루,하위,부위 파괴 보수,수상한 이빨,60
214,푸루푸루,하위,부위 파괴 보수,알비노 진액,28
215,푸루푸루,하위,부위 파괴 보수,알비노 늑골,12
216,푸루푸루,하위,부위 파괴 보수,물컹물컹한 가죽,100
217,푸루푸루,하위,유실물,수상한 이빨,20
218,푸루푸루,하위,유실물,알비노 진액,30
219,푸루푸루,하위,유실물,용의 눈물방울,50
220,푸루푸루,하위,유실물,용의 눈물방울,20
221,푸루푸루,하위,유실물,알비노 진액,80
222,푸루푸루,하위,유실물,물컹물컹한 가죽,40
223,푸루푸루,하위,유실물,수상한 이빨,20
224,푸루푸루,하위,유실물,알비노 진액,40
225,푸루푸루,하위,동반자 아이루의 수집품,물컹물컹한 가죽,24
226,푸루푸루,하위,동반자 아이루의 수집품,수상한 이빨,19
227,푸루푸루,하위,동반자 아이루의 수집품,알비노 진액,32
228,푸루푸루,하위,동반자 아이루의 수집품,전기주머니,25
229,푸루푸루,상위,타겟 보수,진주색 유피,14
230,푸루푸루,상위,타겟 보수,수상한 이빨+,20
231,푸루푸루,상위,타겟 보수,알비노 진액,14
232,푸루푸루,상위,타겟 보수,알비노 늑골,10
233,푸루푸루,상위,타겟 보수,알비노 설로인,8
234,푸루푸루,상위,타겟 보수,전격주머니,21
235,푸루푸루,상위,타겟 보수,첨룡골,12
236,푸루푸루,상위,타겟 보수,용옥,1
237,푸루푸루,상위,갈무리 소재,진주색 유피,37
238,푸루푸루,상위,갈무리 소재,수상한 이빨+,24
239,푸루푸루,상위,갈무리 소재,알비노 진액,19
240,푸루푸루,상위,갈무리 소재,전격주머니,20
241,푸루푸루,상위,포획 보수,진주색 유피,16
242,푸루푸루,상위,포획 보수,수상한 이빨+,34
243,푸루푸루,상위,포획 보수,알비노 진액,19
244,푸루푸루,상위,포획 보수,알비노 설로인,10
245,푸루푸루,상위,포획 보수,전격주머니,18
246,푸루푸루,상위,포획 보수,용옥,3
247,푸루푸루,상위,부위 파괴 보수,수상한 이빨+,52
248,푸루푸루,상위,부위 파괴 보수,알비노 진액,20
249,푸루푸루,상위,부위 파괴 보수,알비노 늑골,16
250,푸루푸루,상위,부위 파괴 보수,알비노 설로인,12
251,푸루푸루,상위,부위 파괴 보수,진주색 유피,100
252,푸루푸루,상위,유실물,수상한 이빨+,27
253,푸루푸루,상위,유실물,알비노 진액,22
254,푸루푸루,상위,유실물,용옥,1
255,푸루푸루,상위,유실물,용의 눈물방울,30
256,푸루푸루,상위,유실물,용의 큰눈물방울,20
257,푸루푸루,상위,유실물,알비노 진액,70
258,푸루푸루,상위,유실물,용의 눈물방울,10
259,푸루푸루,상위,유실물,용의 큰눈물방울,20
260,푸루푸루,상위,유실물,진주색 유피,50
261,푸루푸루,상위,유실물,수상한 이빨+,20
262,푸루푸루,상위,유실물,알비노 진액,30
263,푸루푸루,상위,동반자 아이루의 수집품,진주색 유피,29
264,푸루푸루,상위,동반자 아이루의 수집품,수상한 이빨+,21
265,푸루푸루,상위,동반자 아이루의 수집품,알비노 진액,24
266,푸루푸루,상위,동반자 아이루의 수집품,전격주머니,26
267,바살모스,하위,타겟 보수,암룡의 갑각,16
268,바살모스,하위,타겟 보수,암룡의 흉갑각,27
269,바살모스,하위,타겟 보수,암룡의 날개,20
270,바살모스,하위,타겟 보수,암룡의 꼬리,7
271,바살모스,하위,타겟 보수,독주머니,12
272,바살모스,하위,타겟 보수,화염주머니,8
273,바살모스,하위,타겟 보수,마카라이트광석,10
274,바살모스,하위,갈무리 소재,암룡의 갑각,40
275,바살모스,하위,갈무리 소재,암룡의 흉갑각,27
276,바살모스,하위,갈무리 소재,마카라이트광석,12
277,바살모스,하위,갈무리 소재,독주머니,21
278,바살모스,하위,갈무리 소재,암룡의 꼬리,80
279,바살모스,하위,갈무리 소재,암룡의 갑각,13
280,바살모스,하위,갈무리 소재,마카라이트광석,7
281,바살모스,하위,갈무리 소재,마카라이트광석,60
282,바살모스,하위,갈무리 소재,대지의 결정,30
283,바살모스,하위,갈무리 소재,암룡의 갑각,10
284,바살모스,하위,포획 보수,암룡의 갑각,24
285,바살모스,하위,포획 보수,암룡의 날개,34
286,바살모스,하위,포획 보수,암룡의 꼬리,12
287,바살모스,하위,포획 보수,독주머니,16
288,바살모스,하위,포획 보수,화염주머니,14
289,바살모스,하위,부위 파괴 보수,암룡의 갑각,80
290,바살모스,하위,부위 파괴 보수,화염주머니,20
291,바살모스,하위,부위 파괴 보수,암룡의 갑각,25
292,바살모스,하위,부위 파괴 보수,암룡의 날개,40
293,바살모스,하위,부위 파괴 보수,마카라이트광석,35
294,바살모스,하위,부위 파괴 보수,암룡의 흉갑각,55
295,바살모스,하위,부위 파괴 보수,마카라이트광석,25
296,바살모스,하위,부위 파괴 보수,독주머니,20
297,바살모스,하위,유실물,마카라이트광석,35
298,바살모스,하위,유실물,암룡의 갑각,15
299,바살모스,하위,유실물,용의 눈물방울,50
300,바살모스,하위,유실물,마카라이트광석,40
301,바살모스,하위,유실물,암룡의 갑각,40
302,바살모스,하위,유실물,암룡의 흉갑각,20
303,바살모스,하위,동반자 아이루의 수집품,암룡의 갑각,24
304,바살모스,하위,동반자 아이루의 수집품,암룡의 흉갑각,12
305,바살모스,하위,동반자 아이루의 수집품,독주머니,21
306,바살모스,하위,동반자 아이루의 수집품,화염주머니,17
307,바살모스,하위,동반자 아이루의 수집품,마카라이트광석,26
308,바살모스,상위,타겟 보수,암룡의 견갑각,19
309,바살모스,상위,타겟 보수,암룡의 견흉갑각,28
310,바살모스,상위,타겟 보수,암룡의 눈물,7
311,바살모스,상위,타겟 보수,맹독주머니,17
312,바살모스,상위,타겟 보수,폭염주머니,15
313,바살모스,상위,타겟 보수,카브레라이트광석,12
314,바살모스,상위,타겟 보수,용옥,2
315,바살모스,상위,갈무리 소재,암룡의 견갑각,37
316,바살모스,상위,갈무리 소재,암룡의 견흉갑각,26
317,바살모스,상위,갈무리 소재,암룡의 눈물,7
318,바살모스,상위,갈무리 소재,카브레라이트광석,10
319,바살모스,상위,갈무리 소재,맹독주머니,19
320,바살모스,상위,갈무리 소재,용옥,1
321,바살모스,상위,갈무리 소재,암룡의 꼬리,70
322,바살모스,상위,갈무리 소재,암룡의 견갑각,17
323,바살모스,상위,갈무리 소재,카브레라이트광석,10
324,바살모스,상위,갈무리 소재,용옥,3
325,바살모스,상위,갈무리 소재,카브레라이트광석,60
326,바살모스,상위,갈무리 소재,드래그라이트광석,15
327,바살모스,상위,갈무리 소재,암룡의 견갑각,20
328,바살모스,상위,갈무리 소재,암룡의 눈물,5
329,바살모스,상위,포획 보수,암룡의 견갑각,27
330,바살모스,상위,포획 보수,암룡의 날개,18
331,바살모스,상위,포획 보수,암룡의 눈물,10
332,바살모스,상위,포획 보수,암룡의 꼬리,9
333,바살모스,상위,포획 보수,맹독주머니,18
334,바살모스,상위,포획 보수,폭염주머니,15
335,바살모스,상위,포획 보수,용옥,3
336,바살모스,상위,부위 파괴 보수,암룡의 견갑각,70
337,바살모스,상위,부위 파괴 보수,폭염주머니,20
338,바살모스,상위,부위 파괴 보수,암룡의 눈물,10
339,바살모스,상위,부위 파괴 보수,암룡의 견갑각,35
340,바살모스,상위,부위 파괴 보수,암룡의 날개,25
341,바살모스,상위,부위 파괴 보수,카브레라이트광석,40
342,바살모스,상위,부위 파괴 보수,암룡의 견흉갑각,55
343,바살모스,상위,부위 파괴 보수,카브레라이트광석,25
344,바살모스,상위,부위 파괴 보수,맹독주머니,20
345,바살모스,상위,유실물,카브레라이트광석,31
346,바살모스,상위,유실물,암룡의 견갑각,15
347,바살모스,상위,유실물,암룡의 눈물,3
348,바살모스,상위,유실물,용옥,1
349,바살모스,상위,유실물,용의 눈물방울,20
350,바살모스,상위,유실물,용의 큰눈물방울,30
351,바살모스,상위,유실물,카브레라이트광석,39
352,바살모스,상위,유실물,암룡의 견갑각,40
353,바살모스,상위,유실물,암룡의 견흉갑각,20
354,바살모스,상위,유실물,암룡의 눈물,1
355,바살모스,상위,동반자 아이루의 수집품,암룡의 견갑각,24
356,바살모스,상위,동반자 아이루의 수집품,암룡의 견흉갑각,12
357,바살모스,상위,동반자 아이루의 수집품,암룡의 눈물,3
358,바살모스,상위,동반자 아이루의 수집품,맹독주머니,19
359,바살모스,상위,동반자 아이루의 수집품,폭염주머니,16
360,바살모스,상위,동반자 아이루의 수집품,카브레라이트광석,26
361,디아블로스,하위,타겟 보수,각룡의 갑각,16
362,디아블로스,하위,타겟 보수,각룡의 배갑,33
363,디아블로스,하위,타겟 보수,각룡의 이빨,25
364,디아블로스,하위,타겟 보수,각룡의 미갑,7
365,디아블로스,하위,타겟 보수,질주진액,12
366,디아블로스,하위,타겟 보수,각룡의 골수,7
367,디아블로스,하위,갈무리 소재,각룡의 갑각,40
368,디아블로스,하위,갈무리 소재,각룡의 배갑,32
369,디아블로스,하위,갈무리 소재,각룡의 이빨,23
370,디아블로스,하위,갈무리 소재,각룡의 골수,5
371,디아블로스,하위,갈무리 소재,각룡의 미갑,70
372,디아블로스,하위,갈무리 소재,각룡의 갑각,18
373,디아블로스,하위,갈무리 소재,각룡의 골수,12
374,디아블로스,하위,포획 보수,각룡의 갑각,28
375,디아블로스,하위,포획 보수,각룡의 배갑,25
376,디아블로스,하위,포획 보수,각룡의 이빨,21
377,디아블로스,하위,포획 보수,각룡의 미갑,16
378,디아블로스,하위,포획 보수,각룡의 골수,10
379,디아블로스,하위,부위 파괴 보수,비틀린뿔,100
380,디아블로스,하위,부위 파괴 보수,각룡의 배갑,80
381,디아블로스,하위,부위 파괴 보수,각룡의 골수,20
382,디아블로스,하위,유실물,질주진액,35
383,디아블로스,하위,유실물,각룡의 갑각,15
384,디아블로스,하위,유실물,용의 눈물방울,50
385,디아블로스,하위,유실물,각룡의 갑각,50
386,디아블로스,하위,유실물,각룡의 배갑,35
387,디아블로스,하위,유실물,질주진액,15
388,디아블로스,하위,동반자 아이루의 수집품,각룡의 갑각,42
389,디아블로스,하위,동반자 아이루의 수집품,각룡의 배갑,33
390,디아블로스,하위,동반자 아이루의 수집품,각룡의 이빨,25
391,디아블로스,상위,타겟 보수,각룡의 견갑각,18
392,디아블로스,상위,타겟 보수,각룡의 견갑,35
393,디아블로스,상위,타겟 보수,각룡의 이빨,13
394,디아블로스,상위,타겟 보수,각룡의 미갑,5
395,디아블로스,상위,타겟 보수,질주진액,9
396,디아블로스,상위,타겟 보수,각룡의 골수,10
397,디아블로스,상위,타겟 보수,각룡의 연수,7
398,디아블로스,상위,타겟 보수,용옥,3
399,디아블로스,상위,갈무리 소재,각룡의 견갑각,40
400,디아블로스,상위,갈무리 소재,각룡의 견갑,33
401,디아블로스,상위,갈무리 소재,각룡의 이빨,12
402,디아블로스,상위,갈무리 소재,각룡의 골수,7
403,디아블로스,상위,갈무리 소재,각룡의 연수,5
404,디아블로스,상위,갈무리 소재,용옥,3
405,디아블로스,상위,갈무리 소재,각룡의 미갑,70
406,디아블로스,상위,갈무리 소재,각룡의 견갑각,13
407,디아블로스,상위,갈무리 소재,각룡의 연수,12
408,디아블로스,상위,갈무리 소재,용옥,5
409,디아블로스,상위,포획 보수,각룡의 견갑각,29
410,디아블로스,상위,포획 보수,각룡의 견갑,23
411,디아블로스,상위,포획 보수,각룡의 이빨,11
412,디아블로스,상위,포획 보수,각룡의 미갑,9
413,디아블로스,상위,포획 보수,각룡의 골수,13
414,디아블로스,상위,포획 보수,각룡의 연수,10
415,디아블로스,상위,포획 보수,용옥,5
416,디아블로스,상위,부위 파괴 보수,양질의 비틀린뿔,100
417,디아블로스,상위,부위 파괴 보수,각룡의 견갑,50
418,디아블로스,상위,부위 파괴 보수,각룡의 골수,30
419,디아블로스,상위,부위 파괴 보수,각룡의 연수,20
420,디아블로스,상위,유실물,질주진액,25
421,디아블로스,상위,유실물,각룡의 견갑각,24
422,디아블로스,상위,유실물,용옥,1
423,디아블로스,상위,유실물,용의 눈물방울,10
424,디아블로스,상위,유실물,용의 큰눈물방울,40
425,디아블로스,상위,유실물,각룡의 견갑각,50
426,디아블로스,상위,유실물,각룡의 견갑,35
427,디아블로스,상위,유실물,질주진액,15
428,디아블로스,상위,동반자 아이루의 수집품,각룡의 견갑각,45
429,디아블로스,상위,동반자 아이루의 수집품,각룡의 견갑,37
430,디아블로스,상위,동반자 아이루의 수집품,각룡의 이빨,15
431,디아블로스,상위,동반자 아이루의 수집품,각룡의 골수,3
432,라잔,상위,타겟 보수,금사자의 검은털,16
433,라잔,상위,타겟 보수,금사자의 첨예발톱,19
434,라잔,상위,타겟 보수,금사자의 이빨+,28
435,라잔,상위,타겟 보수,금사자의 꼬리,7
436,라잔,상위,타겟 보수,황금털,12
437,라잔,상위,타겟 보수,수옥,8
438,라잔,상위,타겟 보수,견고한 거골,10
439,라잔,상위,갈무리 소재,금사자의 검은털,37
440,라잔,상위,갈무리 소재,금사자의 첨예발톱,20
441,라잔,상위,갈무리 소재,금사자의 이빨+,27
442,라잔,상위,갈무리 소재,황금털,10
443,라잔,상위,갈무리 소재,수옥,6
444,라잔,상위,포획 보수,금사자의 검은털,27
445,라잔,상위,포획 보수,금사자의 첨예발톱,20
446,라잔,상위,포획 보수,금사자의 이빨+,15
447,라잔,상위,포획 보수,금사자의 꼬리,12
448,라잔,상위,포획 보수,황금털,16
449,라잔,상위,포획 보수,수옥,10
450,라잔,상위,부위 파괴 보수,금사자의 첨예뿔,70
451,라잔,상위,부위 파괴 보수,황금털,30
452,라잔,상위,부위 파괴 보수,금사자의 첨예뿔,100
453,라잔,상위,부위 파괴 보수,금사자의 첨예발톱,70
454,라잔,상위,부위 파괴 보수,금사자의 검은털,30
455,라잔,상위,부위 파괴 보수,금사자의 첨예발톱,70
456,라잔,상위,부위 파괴 보수,금사자의 검은털,30
457,라잔,상위,부위 파괴 보수,금사자의 꼬리,90
458,라잔,상위,부위 파괴 보수,황금털,10
459,라잔,상위,유실물,금사자의 검은털,39
460,라잔,상위,유실물,황금털,10
461,라잔,상위,유실물,수옥,1
462,라잔,상위,유실물,아수의 큰눈물방울,50
463,라잔,상위,유실물,금사자의 검은털,58
464,라잔,상위,유실물,금사자의 이빨+,30
465,라잔,상위,유실물,황금털,12
466,라잔,상위,동반자 아이루의 수집품,금사자의 검은털,47
467,라잔,상위,동반자 아이루의 수집품,금사자의 첨예발톱,14
468,라잔,상위,동반자 아이루의 수집품,금사자의 이빨+,34
469,라잔,상위,동반자 아이루의 수집품,황금털,5
470,티가렉스,하위,타겟 보수,굉룡의 갑각,15
471,티가렉스,하위,타겟 보수,굉룡의 비늘,33
472,티가렉스,하위,타겟 보수,굉룡의 발톱,21
473,티가렉스,하위,타겟 보수,굉룡의 이빨,17
474,티가렉스,하위,타겟 보수,굉룡의 꼬리,9
475,티가렉스,하위,타겟 보수,굉룡의 두갑각,5
476,티가렉스,하위,갈무리 소재,굉룡의 비늘,45
477,티가렉스,하위,갈무리 소재,굉룡의 갑각,20
478,티가렉스,하위,갈무리 소재,굉룡의 발톱,32
479,티가렉스,하위,갈무리 소재,굉룡의 두갑각,3
480,티가렉스,하위,갈무리 소재,굉룡의 꼬리,80
481,티가렉스,하위,갈무리 소재,굉룡의 비늘,20
482,티가렉스,하위,포획 보수,굉룡의 갑각,37
483,티가렉스,하위,포획 보수,굉룡의 비늘,18
484,티가렉스,하위,포획 보수,굉룡의 이빨,28
485,티가렉스,하위,포획 보수,굉룡의 꼬리,12
486,티가렉스,하위,포획 보수,굉룡의 두갑각,5
487,티가렉스,하위,부위 파괴 보수,굉룡의 이빨,60
488,티가렉스,하위,부위 파괴 보수,굉룡의 갑각,28
489,티가렉스,하위,부위 파괴 보수,굉룡의 두갑각,12
490,티가렉스,하위,부위 파괴 보수,굉룡의 발톱,80
491,티가렉스,하위,부위 파괴 보수,굉룡의 비늘,20
492,티가렉스,하위,유실물,굉룡의 비늘,40
493,티가렉스,하위,유실물,굉룡의 발톱,10
494,티가렉스,하위,유실물,용의 눈물방울,50
495,티가렉스,하위,유실물,굉룡의 비늘,50
496,티가렉스,하위,유실물,굉룡의 갑각,30
497,티가렉스,하위,유실물,굉룡의 발톱,20
498,티가렉스,하위,동반자 아이루의 수집품,굉룡의 비늘,45
499,티가렉스,하위,동반자 아이루의 수집품,굉룡의 갑각,34
500,티가렉스,하위,동반자 아이루의 수집품,굉룡의 발톱,21
501,티가렉스,상위,타겟 보수,굉룡의 견갑각,15
502,티가렉스,상위,타겟 보수,굉룡의 비늘+,32
503,티가렉스,상위,타겟 보수,굉룡의 첨예발톱,21
504,티가렉스,상위,타겟 보수,굉룡의 이빨+,17
505,티가렉스,상위,타겟 보수,굉룡의 두갑각,8
506,티가렉스,상위,타겟 보수,굉룡의 아기토,4
507,티가렉스,상위,타겟 보수,용옥,3
508,티가렉스,상위,갈무리 소재,굉룡의 비늘+,42
509,티가렉스,상위,갈무리 소재,굉룡의 견갑각,18
510,티가렉스,상위,갈무리 소재,굉룡의 첨예발톱,30
511,티가렉스,상위,갈무리 소재,굉룡의 두갑각,7
512,티가렉스,상위,갈무리 소재,굉룡의 아기토,3
513,티가렉스,상위,갈무리 소재,굉룡의 꼬리,80
514,티가렉스,상위,갈무리 소재,굉룡의 비늘+,15
515,티가렉스,상위,갈무리 소재,용옥,5
516,티가렉스,상위,포획 보수,굉룡의 견갑각,34
517,티가렉스,상위,포획 보수,굉룡의 비늘+,16
518,티가렉스,상위,포획 보수,굉룡의 이빨+,27
519,티가렉스,상위,포획 보수,굉룡의 꼬리,10
520,티가렉스,상위,포획 보수,굉룡의 두갑각,8
521,티가렉스,상위,포획 보수,굉룡의 아기토,5
522,티가렉스,상위,부위 파괴 보수,굉룡의 이빨+,60
523,티가렉스,상위,부위 파괴 보수,굉룡의 견갑각,17
524,티가렉스,상위,부위 파괴 보수,굉룡의 두갑각,15
525,티가렉스,상위,부위 파괴 보수,굉룡의 아기토,8
526,티가렉스,상위,부위 파괴 보수,굉룡의 첨예발톱,80
527,티가렉스,상위,부위 파괴 보수,굉룡의 비늘+,20
528,티가렉스,상위,유실물,굉룡의 비늘+,39
529,티가렉스,상위,유실물,굉룡의 첨예발톱,10
530,티가렉스,상위,유실물,용옥,1
531,티가렉스,상위,유실물,용의 눈물방울,10
532,티가렉스,상위,유실물,용의 큰눈물방울,40
533,티가렉스,상위,유실물,굉룡의 비늘+,50
534,티가렉스,상위,유실물,굉룡의 견갑각,30
535,티가렉스,상위,유실물,굉룡의 첨예발톱,20
536,티가렉스,상위,동반자 아이루의 수집품,굉룡의 비늘+,43
537,티가렉스,상위,동반자 아이루의 수집품,굉룡의 견갑각,33
538,티가렉스,상위,동반자 아이루의 수집품,굉룡의 첨예발톱,21
539,티가렉스,상위,동반자 아이루의 수집품,굉룡의 두갑각,3
540,나르가쿠르가,하위,타겟 보수,신룡의 검은털,14
541,나르가쿠르가,하위,타겟 보수,신룡의 비늘,30
542,나르가쿠르가,하위,타겟 보수,신룡의 이빨,15
543,나르가쿠르가,하위,타겟 보수,신룡의 칼날개,12
544,나르가쿠르가,하위,타겟 보수,신룡의 꼬리가시,14
545,나르가쿠르가,하위,타겟 보수,신룡의 꼬리,8
546,나르가쿠르가,하위,타겟 보수,신룡의 골수,7
547,나르가쿠르가,하위,갈무리 소재,신룡의 비늘,43
548,나르가쿠르가,하위,갈무리 소재,신룡의 검은털,22
549,나르가쿠르가,하위,갈무리 소재,신룡의 이빨,16
550,나르가쿠르가,하위,갈무리 소재,신룡의 칼날개,12
551,나르가쿠르가,하위,갈무리 소재,신룡의 골수,7
552,나르가쿠르가,하위,갈무리 소재,신룡의 꼬리,80
553,나르가쿠르가,하위,갈무리 소재,신룡의 꼬리가시,8
554,나르가쿠르가,하위,갈무리 소재,신룡의 골수,12
555,나르가쿠르가,하위,포획 보수,신룡의 비늘,15
556,나르가쿠르가,하위,포획 보수,신룡의 검은털,28
557,나르가쿠르가,하위,포획 보수,신룡의 이빨,24
558,나르가쿠르가,하위,포획 보수,신룡의 꼬리가시,20
559,나르가쿠르가,하위,포획 보수,신룡의 꼬리,10
560,나르가쿠르가,하위,포획 보수,신룡의 골수,3
561,나르가쿠르가,하위,부위 파괴 보수,신룡의 이빨,25
562,나르가쿠르가,하위,부위 파괴 보수,신룡의 이빨,45
563,나르가쿠르가,하위,부위 파괴 보수,신룡의 비늘,30
564,나르가쿠르가,하위,부위 파괴 보수,신룡의 칼날개,65
565,나르가쿠르가,하위,부위 파괴 보수,신룡의 칼날개,35
566,나르가쿠르가,하위,유실물,신룡의 비늘,25
567,나르가쿠르가,하위,유실물,신룡의 꼬리가시,15
568,나르가쿠르가,하위,유실물,신룡의 이빨,10
569,나르가쿠르가,하위,유실물,용의 눈물방울,50
570,나르가쿠르가,하위,유실물,신룡의 비늘,50
571,나르가쿠르가,하위,유실물,신룡의 검은털,40
572,나르가쿠르가,하위,유실물,신룡의 이빨,10
573,나르가쿠르가,하위,동반자 아이루의 수집품,신룡의 비늘,42
574,나르가쿠르가,하위,동반자 아이루의 수집품,신룡의 검은털,31
575,나르가쿠르가,하위,동반자 아이루의 수집품,신룡의 이빨,16
576,나르가쿠르가,하위,동반자 아이루의 수집품,신룡의 칼날개,11
577,나르가쿠르가,상위,타겟 보수,신룡의 검은털+,14
578,나르가쿠르가,상위,타겟 보수,신룡의 비늘+,30
579,나르가쿠르가,상위,타겟 보수,신룡의 이빨+,19
580,나르가쿠르가,상위,타겟 보수,신룡의 예인날개,15
581,나르가쿠르가,상위,타겟 보수,신룡의 꼬리가시,8
582,나르가쿠르가,상위,타겟 보수,신룡의 꼬리,6
583,나르가쿠르가,상위,타겟 보수,신룡의 연수,5
584,나르가쿠르가,상위,타겟 보수,용옥,3
585,나르가쿠르가,상위,갈무리 소재,신룡의 비늘+,37
586,나르가쿠르가,상위,갈무리 소재,신룡의 검은털+,22
587,나르가쿠르가,상위,갈무리 소재,신룡의 이빨+,14
588,나르가쿠르가,상위,갈무리 소재,신룡의 예인날개,10
589,나르가쿠르가,상위,갈무리 소재,신룡의 골수,9
590,나르가쿠르가,상위,갈무리 소재,신룡의 연수,7
591,나르가쿠르가,상위,갈무리 소재,용옥,1
592,나르가쿠르가,상위,갈무리 소재,신룡의 꼬리,70
593,나르가쿠르가,상위,갈무리 소재,신룡의 꼬리가시,5
594,나르가쿠르가,상위,갈무리 소재,신룡의 골수,13
595,나르가쿠르가,상위,갈무리 소재,신룡의 연수,12
596,나르가쿠르가,상위,포획 보수,신룡의 비늘+,17
597,나르가쿠르가,상위,포획 보수,신룡의 검은털+,28
598,나르가쿠르가,상위,포획 보수,신룡의 이빨+,21
599,나르가쿠르가,상위,포획 보수,신룡의 꼬리가시,15
600,나르가쿠르가,상위,포획 보수,신룡의 꼬리,7
601,나르가쿠르가,상위,포획 보수,신룡의 골수,5
602,나르가쿠르가,상위,포획 보수,신룡의 연수,3
603,나르가쿠르가,상위,포획 보수,용옥,4
604,나르가쿠르가,상위,부위 파괴 보수,신룡의 이빨+,25
605,나르가쿠르가,상위,부위 파괴 보수,신룡의 이빨+,45
606,나르가쿠르가,상위,부위 파괴 보수,신룡의 비늘+,30
607,나르가쿠르가,상위,부위 파괴 보수,신룡의 예인날개,65
608,나르가쿠르가,상위,부위 파괴 보수,신룡의 예인날개,35
609,나르가쿠르가,상위,유실물,신룡의 비늘+,27
610,나르가쿠르가,상위,유실물,신룡의 꼬리가시,10
611,나르가쿠르가,상위,유실물,신룡의 이빨+,12
612,나르가쿠르가,상위,유실물,용옥,1
613,나르가쿠르가,상위,유실물,용의 눈물방울,15
614,나르가쿠르가,상위,유실물,용의 큰눈물방울,35
615,나르가쿠르가,상위,유실물,신룡의 비늘+,50
616,나르가쿠르가,상위,유실물,신룡의 검은털+,40
617,나르가쿠르가,상위,유실물,신룡의 이빨+,10
618,나르가쿠르가,상위,동반자 아이루의 수집품,신룡의 비늘+,40
619,나르가쿠르가,상위,동반자 아이루의 수집품,신룡의 검은털+,30
620,나르가쿠르가,상위,동반자 아이루의 수집품,신룡의 이빨+,16
621,나르가쿠르가,상위,동반자 아이루의 수집품,신룡의 예인날개,11
622,나르가쿠르가,상위,동반자 아이루의 수집품,신룡의 골수,3
623,벨리오로스,하위,타겟 보수,빙아룡의 갑각,21
624,벨리오로스,하위,타겟 보수,빙아룡의 모피,33
625,벨리오로스,하위,타겟 보수,빙아룡의 발톱,9
626,벨리오로스,하위,타겟 보수,빙아룡의 가시,13
627,벨리오로스,하위,타겟 보수,빙아룡의 꼬리,8
628,벨리오로스,하위,타겟 보수,빙결주머니,16
629,벨리오로스,하위,갈무리 소재,빙아룡의 갑각,40
630,벨리오로스,하위,갈무리 소재,빙아룡의 모피,25
631,벨리오로스,하위,갈무리 소재,호박색 이빨,15
632,벨리오로스,하위,갈무리 소재,빙결주머니,20
633,벨리오로스,하위,갈무리 소재,빙아룡의 꼬리,70
634,벨리오로스,하위,갈무리 소재,빙아룡의 가시,20
635,벨리오로스,하위,갈무리 소재,빙아룡의 갑각,10
636,벨리오로스,하위,포획 보수,빙아룡의 모피,31
637,벨리오로스,하위,포획 보수,호박색 이빨,13
638,벨리오로스,하위,포획 보수,빙아룡의 발톱,17
639,벨리오로스,하위,포획 보수,빙아룡의 가시,9
640,벨리오로스,하위,포획 보수,빙아룡의 꼬리,16
641,벨리오로스,하위,포획 보수,빙결주머니,14
642,벨리오로스,하위,부위 파괴 보수,호박색 이빨,75
643,벨리오로스,하위,부위 파괴 보수,빙아룡의 갑각,25
644,벨리오로스,하위,부위 파괴 보수,빙아룡의 발톱,75
645,벨리오로스,하위,부위 파괴 보수,빙아룡의 가시,25
646,벨리오로스,하위,유실물,빙아룡의 갑각,30
647,벨리오로스,하위,유실물,빙아룡의 가시,10
648,벨리오로스,하위,유실물,빙아룡의 발톱,10
649,벨리오로스,하위,유실물,용의 눈물방울,50
650,벨리오로스,하위,유실물,빙아룡의 갑각,50
651,벨리오로스,하위,유실물,빙아룡의 모피,35
652,벨리오로스,하위,유실물,빙아룡의 가시,15
653,벨리오로스,하위,동반자 아이루의 수집품,빙아룡의 갑각,46
654,벨리오로스,하위,동반자 아이루의 수집품,빙아룡의 모피,32
655,벨리오로스,하위,동반자 아이루의 수집품,호박색 이빨,8
656,벨리오로스,하위,동반자 아이루의 수집품,빙결주머니,14
657,벨리오로스,상위,타겟 보수,빙아룡의 견갑각,21
658,벨리오로스,상위,타겟 보수,빙아룡의 모피+,33
659,벨리오로스,상위,타겟 보수,빙아룡의 발톱+,12
660,벨리오로스,상위,타겟 보수,빙아룡의 가시,8
661,벨리오로스,상위,타겟 보수,빙아룡의 꼬리,5
662,벨리오로스,상위,타겟 보수,동결주머니,18
663,벨리오로스,상위,타겟 보수,용옥,3
664,벨리오로스,상위,갈무리 소재,빙아룡의 견갑각,39
665,벨리오로스,상위,갈무리 소재,빙아룡의 모피+,25
666,벨리오로스,상위,갈무리 소재,호박색 이빨+,15
667,벨리오로스,상위,갈무리 소재,동결주머니,20
668,벨리오로스,상위,갈무리 소재,용옥,1
669,벨리오로스,상위,갈무리 소재,빙아룡의 꼬리,65
670,벨리오로스,상위,갈무리 소재,빙아룡의 가시,15
671,벨리오로스,상위,갈무리 소재,빙아룡의 견갑각,15
672,벨리오로스,상위,갈무리 소재,용옥,5
673,벨리오로스,상위,포획 보수,빙아룡의 모피+,33
674,벨리오로스,상위,포획 보수,호박색 이빨+,14
675,벨리오로스,상위,포획 보수,빙아룡의 발톱+,18
676,벨리오로스,상위,포획 보수,빙아룡의 가시,6
677,벨리오로스,상위,포획 보수,빙아룡의 꼬리,12
678,벨리오로스,상위,포획 보수,동결주머니,14
679,벨리오로스,상위,포획 보수,용옥,3
680,벨리오로스,상위,부위 파괴 보수,호박색 이빨+,75
681,벨리오로스,상위,부위 파괴 보수,빙아룡의 견갑각,20
682,벨리오로스,상위,부위 파괴 보수,용옥,5
683,벨리오로스,상위,부위 파괴 보수,빙아룡의 발톱+,70
684,벨리오로스,상위,부위 파괴 보수,빙아룡의 가시,30
685,벨리오로스,상위,유실물,빙아룡의 견갑각,32
686,벨리오로스,상위,유실물,빙아룡의 가시,7
687,벨리오로스,상위,유실물,빙아룡의 발톱+,10
688,벨리오로스,상위,유실물,용옥,1
689,벨리오로스,상위,유실물,용의 눈물방울,15
690,벨리오로스,상위,유실물,용의 큰눈물방울,35
691,벨리오로스,상위,유실물,빙아룡의 견갑각,55
692,벨리오로스,상위,유실물,빙아룡의 모피+,35
693,벨리오로스,상위,유실물,빙아룡의 가시,10
694,벨리오로스,상위,동반자 아이루의 수집품,빙아룡의 견갑각,46
695,벨리오로스,상위,동반자 아이루의 수집품,빙아룡의 모피+,32
696,벨리오로스,상위,동반자 아이루의 수집품,호박색 이빨+,8
697,벨리오로스,상위,동반자 아이루의 수집품,동결주머니,14
698,볼보로스,하위,타겟 보수,토사룡의 갑각,14
699,볼보로스,하위,타겟 보수,토사룡의 배갑,28
700,볼보로스,하위,타겟 보수,토사룡의 발톱,20
701,볼보로스,하위,타겟 보수,토사룡의 두갑각,10
702,볼보로스,하위,타겟 보수,토사룡의 꼬리,8
703,볼보로스,하위,타겟 보수,비옥한 진흙,10
704,볼보로스,하위,타겟 보수,용골【중】,10
705,볼보로스,하위,갈무리 소재,토사룡의 갑각,42
706,볼보로스,하위,갈무리 소재,토사룡의 배갑,30
707,볼보로스,하위,갈무리 소재,토사룡의 발톱,20
708,볼보로스,하위,갈무리 소재,토사룡의 두갑각,8
709,볼보로스,하위,갈무리 소재,토사룡의 꼬리,70
710,볼보로스,하위,갈무리 소재,토사룡의 갑각,30
711,볼보로스,하위,갈무리 소재,토사룡의 두갑각,80
712,볼보로스,하위,갈무리 소재,토사룡의 배갑,20
713,볼보로스,하위,포획 보수,토사룡의 갑각,12
714,볼보로스,하위,포획 보수,토사룡의 배갑,22
715,볼보로스,하위,포획 보수,토사룡의 발톱,30
716,볼보로스,하위,포획 보수,토사룡의 두갑각,13
717,볼보로스,하위,포획 보수,토사룡의 꼬리,12
718,볼보로스,하위,포획 보수,비옥한 진흙,11
719,볼보로스,하위,부위 파괴 보수,토사룡의 발톱,100
720,볼보로스,하위,부위 파괴 보수,토사룡의 갑각,100
721,볼보로스,하위,유실물,비옥한 진흙,35
722,볼보로스,하위,유실물,토사룡의 배갑,15
723,볼보로스,하위,유실물,용의 눈물방울,50
724,볼보로스,하위,유실물,비옥한 진흙,30
725,볼보로스,하위,유실물,토사룡의 갑각,50
726,볼보로스,하위,유실물,토사룡의 배갑,20
727,볼보로스,하위,동반자 아이루의 수집품,토사룡의 갑각,28
728,볼보로스,하위,동반자 아이루의 수집품,토사룡의 배갑,18
729,볼보로스,하위,동반자 아이루의 수집품,토사룡의 발톱,16
730,볼보로스,하위,동반자 아이루의 수집품,비옥한 진흙,38
731,볼보로스,상위,타겟 보수,토사룡의 견갑각,15
732,볼보로스,상위,타겟 보수,토사룡의 견갑,29
733,볼보로스,상위,타겟 보수,토사룡의 발톱+,21
734,볼보로스,상위,타겟 보수,토사룡의 두갑각,6
735,볼보로스,상위,타겟 보수,토사룡의 꼬리,6
736,볼보로스,상위,타겟 보수,풍옥한 진흙,11
737,볼보로스,상위,타겟 보수,첨룡골,11
738,볼보로스,상위,타겟 보수,용옥,1
739,볼보로스,상위,갈무리 소재,토사룡의 견갑각,42
740,볼보로스,상위,갈무리 소재,토사룡의 견갑,31
741,볼보로스,상위,갈무리 소재,토사룡의 발톱+,21
742,볼보로스,상위,갈무리 소재,토사룡의 두갑각,6
743,볼보로스,상위,갈무리 소재,토사룡의 꼬리,60
744,볼보로스,상위,갈무리 소재,토사룡의 견갑각,37
745,볼보로스,상위,갈무리 소재,용옥,3
746,볼보로스,상위,갈무리 소재,토사룡의 두갑각,70
747,볼보로스,상위,갈무리 소재,토사룡의 견갑,27
748,볼보로스,상위,갈무리 소재,용옥,3
749,볼보로스,상위,포획 보수,토사룡의 견갑각,13
750,볼보로스,상위,포획 보수,토사룡의 견갑,23
751,볼보로스,상위,포획 보수,토사룡의 발톱+,32
752,볼보로스,상위,포획 보수,토사룡의 두갑각,8
753,볼보로스,상위,포획 보수,토사룡의 꼬리,8
754,볼보로스,상위,포획 보수,풍옥한 진흙,11
755,볼보로스,상위,포획 보수,용옥,5
756,볼보로스,상위,부위 파괴 보수,토사룡의 발톱+,100
757,볼보로스,상위,부위 파괴 보수,토사룡의 견갑각,100
758,볼보로스,상위,유실물,풍옥한 진흙,35
759,볼보로스,상위,유실물,토사룡의 견갑,14
760,볼보로스,상위,유실물,용옥,1
761,볼보로스,상위,유실물,용의 눈물방울,20
762,볼보로스,상위,유실물,용의 큰눈물방울,30
763,볼보로스,상위,유실물,풍옥한 진흙,30
764,볼보로스,상위,유실물,토사룡의 견갑각,50
765,볼보로스,상위,유실물,토사룡의 견갑,20
766,볼보로스,상위,동반자 아이루의 수집품,토사룡의 견갑각,28
767,볼보로스,상위,동반자 아이루의 수집품,토사룡의 견갑,18
768,볼보로스,상위,동반자 아이루의 수집품,토사룡의 발톱+,16
769,볼보로스,상위,동반자 아이루의 수집품,풍옥한 진흙,38
770,로아루드로스,하위,타겟 보수,수괴수의 비늘,11
771,로아루드로스,하위,타겟 보수,수괴수의 발톱,21
772,로아루드로스,하위,타겟 보수,해면질 가죽,26
773,로아루드로스,하위,타겟 보수,수괴수의 볏,10
774,로아루드로스,하위,타겟 보수,수괴수의 꼬리,6
775,로아루드로스,하위,타겟 보수,물주머니,14
776,로아루드로스,하위,타겟 보수,질주진액,12
777,로아루드로스,하위,갈무리 소재,수괴수의 비늘,32
778,로아루드로스,하위,갈무리 소재,수괴수의 발톱,23
779,로아루드로스,하위,갈무리 소재,해면질 가죽,30
780,로아루드로스,하위,갈무리 소재,질주진액,15
781,로아루드로스,하위,갈무리 소재,수괴수의 꼬리,70
782,로아루드로스,하위,갈무리 소재,수괴수의 비늘,30
783,로아루드로스,하위,포획 보수,수괴수의 비늘,16
784,로아루드로스,하위,포획 보수,해면질 가죽,24
785,로아루드로스,하위,포획 보수,수괴수의 꼬리,16
786,로아루드로스,하위,포획 보수,물주머니,14
787,로아루드로스,하위,포획 보수,질주진액,30
788,로아루드로스,하위,부위 파괴 보수,수괴수의 볏,80
789,로아루드로스,하위,부위 파괴 보수,수괴수의 비늘,20
790,로아루드로스,하위,부위 파괴 보수,해면질 가죽,60
791,로아루드로스,하위,부위 파괴 보수,수괴수의 비늘,20
792,로아루드로스,하위,부위 파괴 보수,질주진액,20
793,로아루드로스,하위,유실물,질주진액,40
794,로아루드로스,하위,유실물,수괴수의 발톱,10
795,로아루드로스,하위,유실물,용의 눈물방울,50
796,로아루드로스,하위,유실물,질주진액,50
797,로아루드로스,하위,유실물,해면질 가죽,35
798,로아루드로스,하위,유실물,수괴수의 발톱,15
799,로아루드로스,하위,동반자 아이루의 수집품,해면질 가죽,20
800,로아루드로스,하위,동반자 아이루의 수집품,수괴수의 비늘,20
801,로아루드로스,하위,동반자 아이루의 수집품,물주머니,26
802,로아루드로스,하위,동반자 아이루의 수집품,질주진액,34
803,로아루드로스,상위,타겟 보수,수괴수의 비늘+,12
804,로아루드로스,상위,타겟 보수,수괴수의 발톱+,22
805,로아루드로스,상위,타겟 보수,해면질 가죽+,27
806,로아루드로스,상위,타겟 보수,고급스러운 볏,10
807,로아루드로스,상위,타겟 보수,수괴수의 꼬리,5
808,로아루드로스,상위,타겟 보수,큰물주머니,14
809,로아루드로스,상위,타겟 보수,질주진액,9
810,로아루드로스,상위,타겟 보수,용옥,1
811,로아루드로스,상위,갈무리 소재,수괴수의 비늘+,33
812,로아루드로스,상위,갈무리 소재,수괴수의 발톱+,24
813,로아루드로스,상위,갈무리 소재,해면질 가죽+,31
814,로아루드로스,상위,갈무리 소재,질주진액,12
815,로아루드로스,상위,갈무리 소재,수괴수의 꼬리,70
816,로아루드로스,상위,갈무리 소재,수괴수의 비늘+,28
817,로아루드로스,상위,갈무리 소재,용옥,2
818,로아루드로스,상위,포획 보수,수괴수의 비늘+,18
819,로아루드로스,상위,포획 보수,해면질 가죽+,27
820,로아루드로스,상위,포획 보수,수괴수의 꼬리,12
821,로아루드로스,상위,포획 보수,큰물주머니,16
822,로아루드로스,상위,포획 보수,질주진액,24
823,로아루드로스,상위,포획 보수,용옥,3
824,로아루드로스,상위,부위 파괴 보수,고급스러운 볏,80
825,로아루드로스,상위,부위 파괴 보수,수괴수의 비늘+,20
826,로아루드로스,상위,부위 파괴 보수,해면질 가죽+,60
827,로아루드로스,상위,부위 파괴 보수,수괴수의 비늘+,20
828,로아루드로스,상위,부위 파괴 보수,질주진액,20
829,로아루드로스,상위,유실물,질주진액,34
830,로아루드로스,상위,유실물,수괴수의 발톱+,15
831,로아루드로스,상위,유실물,용옥,1
832,로아루드로스,상위,유실물,용의 눈물방울,25
833,로아루드로스,상위,유실물,용의 큰눈물방울,25
834,로아루드로스,상위,유실물,질주진액,35
835,로아루드로스,상위,유실물,해면질 가죽+,50
836,로아루드로스,상위,유실물,수괴수의 발톱+,15
837,로아루드로스,상위,동반자 아이루의 수집품,해면질 가죽+,23
838,로아루드로스,상위,동반자 아이루의 수집품,수괴수의 비늘+,23
839,로아루드로스,상위,동반자 아이루의 수집품,큰물주머니,30
840,로아루드로스,상위,동반자 아이루의 수집품,질주진액,24
841,도스바기,하위,타겟 보수,면구룡의 가죽,21
842,도스바기,하위,타겟 보수,면구룡의 발톱,36
843,도스바기,하위,타겟 보수,왕의 볏,5
844,도스바기,하위,타겟 보수,수면주머니,24
845,도스바기,하위,타겟 보수,용골【중】,14
846,도스바기,하위,갈무리 소재,면구룡의 가죽,40
847,도스바기,하위,갈무리 소재,면구룡의 발톱,33
848,도스바기,하위,갈무리 소재,수면주머니,27
849,도스바기,하위,포획 보수,면구룡의 가죽,21
850,도스바기,하위,포획 보수,면구룡의 발톱,46
851,도스바기,하위,포획 보수,왕의 볏,15
852,도스바기,하위,포획 보수,용골【중】,18
853,도스바기,하위,부위 파괴 보수,왕의 볏,70
854,도스바기,하위,부위 파괴 보수,수면주머니,30
855,도스바기,하위,유실물,면구룡의 가죽,40
856,도스바기,하위,유실물,면구룡의 발톱,10
857,도스바기,하위,유실물,용의 눈물방울,50
858,도스바기,하위,유실물,면구룡의 가죽,70
859,도스바기,하위,유실물,면구룡의 발톱,30
860,도스바기,하위,동반자 아이루의 수집품,면구룡의 가죽,42
861,도스바기,하위,동반자 아이루의 수집품,면구룡의 발톱,32
862,도스바기,하위,동반자 아이루의 수집품,수면주머니,26
863,도스바기,상위,타겟 보수,면구룡의 가죽+,22
864,도스바기,상위,타겟 보수,면구룡의 첨예발톱,37
865,도스바기,상위,타겟 보수,혼수주머니,25
866,도스바기,상위,타겟 보수,조룡옥,3
867,도스바기,상위,타겟 보수,용골+,13
868,도스바기,상위,갈무리 소재,면구룡의 가죽+,38
869,도스바기,상위,갈무리 소재,면구룡의 첨예발톱,32
870,도스바기,상위,갈무리 소재,혼수주머니,27
871,도스바기,상위,갈무리 소재,조룡옥,3
872,도스바기,상위,포획 보수,면구룡의 가죽+,23
873,도스바기,상위,포획 보수,면구룡의 첨예발톱,47
874,도스바기,상위,포획 보수,왕의 볏,12
875,도스바기,상위,포획 보수,용골+,13
876,도스바기,상위,포획 보수,조룡옥,5
877,도스바기,상위,부위 파괴 보수,왕의 볏,70
878,도스바기,상위,부위 파괴 보수,혼수주머니,20
879,도스바기,상위,부위 파괴 보수,조룡옥,10
880,도스바기,상위,유실물,면구룡의 가죽+,39
881,도스바기,상위,유실물,면구룡의 첨예발톱,10
882,도스바기,상위,유실물,조룡옥,1
883,도스바기,상위,유실물,용의 눈물방울,30
884,도스바기,상위,유실물,용의 큰눈물방울,20
885,도스바기,상위,유실물,면구룡의 가죽+,70
886,도스바기,상위,유실물,면구룡의 첨예발톱,30
887,도스바기,상위,동반자 아이루의 수집품,면구룡의 가죽+,42
888,도스바기,상위,동반자 아이루의 수집품,면구룡의 첨예발톱,32
889,도스바기,상위,동반자 아이루의 수집품,혼수주머니,26
890,진오우거,하위,타겟 보수,뇌랑룡의 갑각,21
891,진오우거,하위,타겟 보수,뇌랑룡의 전기털,31
892,진오우거,하위,타겟 보수,뇌랑룡의 축전각,21
893,진오우거,하위,타겟 보수,뇌랑룡의 꼬리,8
894,진오우거,하위,타겟 보수,초전뇌광충,17
895,진오우거,하위,타겟 보수,뇌랑룡의 역린,2
896,진오우거,하위,갈무리 소재,뇌랑룡의 갑각,34
897,진오우거,하위,갈무리 소재,뇌랑룡의 전기털,25
898,진오우거,하위,갈무리 소재,뇌랑룡의 축전각,18
899,진오우거,하위,갈무리 소재,뇌랑룡의 발톱,22
900,진오우거,하위,갈무리 소재,뇌랑룡의 역린,1
901,진오우거,하위,갈무리 소재,뇌랑룡의 꼬리,80
902,진오우거,하위,갈무리 소재,뇌랑룡의 갑각,17
903,진오우거,하위,갈무리 소재,뇌랑룡의 역린,3
904,진오우거,하위,갈무리 소재,초전뇌광충,90
905,진오우거,하위,갈무리 소재,뇌랑룡의 축전각,10
906,진오우거,하위,포획 보수,뇌랑룡의 갑각,15
907,진오우거,하위,포획 보수,뇌랑룡의 전기털,29
908,진오우거,하위,포획 보수,뇌랑룡의 축전각,25
909,진오우거,하위,포획 보수,뇌랑룡의 꼬리,12
910,진오우거,하위,포획 보수,뇌랑룡의 뿔,16
911,진오우거,하위,포획 보수,뇌랑룡의 역린,3
912,진오우거,하위,부위 파괴 보수,뇌랑룡의 뿔,97
913,진오우거,하위,부위 파괴 보수,뇌랑룡의 역린,3
914,진오우거,하위,부위 파괴 보수,뇌랑룡의 발톱,70
915,진오우거,하위,부위 파괴 보수,뇌랑룡의 발톱,20
916,진오우거,하위,부위 파괴 보수,뇌랑룡의 축전각,10
917,진오우거,하위,부위 파괴 보수,뇌랑룡의 축전각,70
918,진오우거,하위,부위 파괴 보수,뇌랑룡의 전기털,30
919,진오우거,하위,유실물,뇌랑룡의 갑각,29
920,진오우거,하위,유실물,초전뇌광충,20
921,진오우거,하위,유실물,뇌랑룡의 역린,1
922,진오우거,하위,유실물,용의 눈물방울,50
923,진오우거,하위,유실물,뇌랑룡의 갑각,50
924,진오우거,하위,유실물,뇌랑룡의 전기털,40
925,진오우거,하위,유실물,뇌랑룡의 발톱,10
926,진오우거,하위,동반자 아이루의 수집품,뇌랑룡의 갑각,39
927,진오우거,하위,동반자 아이루의 수집품,뇌랑룡의 전기털,32
928,진오우거,하위,동반자 아이루의 수집품,뇌랑룡의 축전각,21
929,진오우거,하위,동반자 아이루의 수집품,뇌랑룡의 발톱,8
930,진오우거,상위,타겟 보수,뇌랑룡의 견갑각,21
931,진오우거,상위,타겟 보수,뇌랑룡의 전기털+,33
932,진오우거,상위,타겟 보수,뇌랑룡의 고전각,23
933,진오우거,상위,타겟 보수,뇌랑룡의 꼬리,4
934,진오우거,상위,타겟 보수,초전뇌광충,12
935,진오우거,상위,타겟 보수,뇌랑룡의 역린,5
936,진오우거,상위,타겟 보수,뇌랑룡의 벽옥,2
937,진오우거,상위,갈무리 소재,뇌랑룡의 견갑각,33
938,진오우거,상위,갈무리 소재,뇌랑룡의 전기털+,24
939,진오우거,상위,갈무리 소재,뇌랑룡의 고전각,17
940,진오우거,상위,갈무리 소재,뇌랑룡의 첨예발톱,22
941,진오우거,상위,갈무리 소재,뇌랑룡의 역린,3
942,진오우거,상위,갈무리 소재,뇌랑룡의 벽옥,1
943,진오우거,상위,갈무리 소재,뇌랑룡의 꼬리,80
944,진오우거,상위,갈무리 소재,뇌랑룡의 견갑각,10
945,진오우거,상위,갈무리 소재,뇌랑룡의 역린,7
946,진오우거,상위,갈무리 소재,뇌랑룡의 벽옥,3
947,진오우거,상위,갈무리 소재,초전뇌광충,90
948,진오우거,상위,갈무리 소재,뇌랑룡의 고전각,10
949,진오우거,상위,포획 보수,뇌랑룡의 견갑각,15
950,진오우거,상위,포획 보수,뇌랑룡의 전기털+,29
951,진오우거,상위,포획 보수,뇌랑룡의 고전각,25
952,진오우거,상위,포획 보수,뇌랑룡의 꼬리,7
953,진오우거,상위,포획 보수,뇌랑룡의 첨예뿔,16
954,진오우거,상위,포획 보수,뇌랑룡의 역린,5
955,진오우거,상위,포획 보수,뇌랑룡의 벽옥,3
956,진오우거,상위,부위 파괴 보수,뇌랑룡의 첨예뿔,90
957,진오우거,상위,부위 파괴 보수,뇌랑룡의 역린,7
958,진오우거,상위,부위 파괴 보수,뇌랑룡의 벽옥,3
959,진오우거,상위,부위 파괴 보수,뇌랑룡의 첨예발톱,70
960,진오우거,상위,부위 파괴 보수,뇌랑룡의 첨예발톱,20
961,진오우거,상위,부위 파괴 보수,뇌랑룡의 고전각,10
962,진오우거,상위,부위 파괴 보수,뇌랑룡의 고전각,70
963,진오우거,상위,부위 파괴 보수,뇌랑룡의 전기털+,30
964,진오우거,상위,유실물,뇌랑룡의 견갑각,31
965,진오우거,상위,유실물,초전뇌광충,15
966,진오우거,상위,유실물,뇌랑룡의 역린,3
967,진오우거,상위,유실물,뇌랑룡의 벽옥,1
968,진오우거,상위,유실물,용의 눈물방울,15
969,진오우거,상위,유실물,용의 큰눈물방울,35
970,진오우거,상위,유실물,뇌랑룡의 견갑각,49
971,진오우거,상위,유실물,뇌랑룡의 전기털+,40
972,진오우거,상위,유실물,뇌랑룡의 첨예발톱,10
973,진오우거,상위,유실물,뇌랑룡의 역린,1
974,진오우거,상위,동반자 아이루의 수집품,뇌랑룡의 견갑각,38
975,진오우거,상위,동반자 아이루의 수집품,뇌랑룡의 전기털+,31
976,진오우거,상위,동반자 아이루의 수집품,뇌랑룡의 고전각,21
977,진오우거,상위,동반자 아이루의 수집품,뇌랑룡의 첨예발톱,8
978,진오우거,상위,동반자 아이루의 수집품,뇌랑룡의 역린,2
979,도스프로기,하위,타겟 보수,독구룡의 가죽,22
980,도스프로기,하위,타겟 보수,독구룡의 완갑,34
981,도스프로기,하위,타겟 보수,왕의 주둥이,5
982,도스프로기,하위,타겟 보수,독주머니,26
983,도스프로기,하위,타겟 보수,용골【중】,13
984,도스프로기,하위,갈무리 소재,독구룡의 가죽,42
985,도스프로기,하위,갈무리 소재,독구룡의 완갑,31
986,도스프로기,하위,갈무리 소재,독주머니,27
987,도스프로기,하위,포획 보수,독구룡의 가죽,21
988,도스프로기,하위,포획 보수,독구룡의 완갑,46
989,도스프로기,하위,포획 보수,왕의 주둥이,15
990,도스프로기,하위,포획 보수,용골【중】,18
991,도스프로기,하위,부위 파괴 보수,왕의 주둥이,70
992,도스프로기,하위,부위 파괴 보수,독주머니,30
993,도스프로기,하위,유실물,독구룡의 가죽,35
994,도스프로기,하위,유실물,독구룡의 완갑,15
995,도스프로기,하위,유실물,용의 눈물방울,50
996,도스프로기,하위,유실물,독구룡의 가죽,70
997,도스프로기,하위,유실물,독구룡의 완갑,30
998,도스프로기,하위,동반자 아이루의 수집품,독구룡의 가죽,46
999,도스프로기,하위,동반자 아이루의 수집품,독구룡의 완갑,31
1000,도스프로기,하위,동반자 아이루의 수집품,독주머니,23
1001,도스프로기,상위,타겟 보수,독구룡의 가죽+,22
1002,도스프로기,상위,타겟 보수,독구룡의 견완갑,36
1003,도스프로기,상위,타겟 보수,맹독주머니,27
1004,도스프로기,상위,타겟 보수,용골+,12
1005,도스프로기,상위,타겟 보수,조룡옥,3
1006,도스프로기,상위,갈무리 소재,독구룡의 가죽+,41
1007,도스프로기,상위,갈무리 소재,독구룡의 견완갑,32
1008,도스프로기,상위,갈무리 소재,맹독주머니,24
1009,도스프로기,상위,갈무리 소재,조룡옥,3
1010,도스프로기,상위,포획 보수,독구룡의 가죽+,24
1011,도스프로기,상위,포획 보수,독구룡의 견완갑,46
1012,도스프로기,상위,포획 보수,왕의 주둥이,12
1013,도스프로기,상위,포획 보수,용골+,13
1014,도스프로기,상위,포획 보수,조룡옥,5
1015,도스프로기,상위,부위 파괴 보수,왕의 주둥이,70
1016,도스프로기,상위,부위 파괴 보수,맹독주머니,18
1017,도스프로기,상위,부위 파괴 보수,조룡옥,12
1018,도스프로기,상위,유실물,독구룡의 가죽+,34
1019,도스프로기,상위,유실물,독구룡의 견완갑,15
1020,도스프로기,상위,유실물,조룡옥,1
1021,도스프로기,상위,유실물,용의 눈물방울,30
1022,도스프로기,상위,유실물,용의 큰눈물방울,20
1023,도스프로기,상위,유실물,독구룡의 가죽+,70
1024,도스프로기,상위,유실물,독구룡의 견완갑,30
1025,도스프로기,상위,동반자 아이루의 수집품,독구룡의 가죽+,46
1026,도스프로기,상위,동반자 아이루의 수집품,독구룡의 견완갑,31
1027,도스프로기,상위,동반자 아이루의 수집품,맹독주머니,23
1028,아오아시라,하위,타겟 보수,청웅수의 갑각,14
1029,아오아시라,하위,타겟 보수,청웅수의 털,38
1030,아오아시라,하위,타겟 보수,청웅수의 완갑,18
1031,아오아시라,하위,타겟 보수,커다란 뼈,16
1032,아오아시라,하위,타겟 보수,벌꿀,14
1033,아오아시라,하위,갈무리 소재,청웅수의 털,55
1034,아오아시라,하위,갈무리 소재,청웅수의 갑각,30
1035,아오아시라,하위,갈무리 소재,커다란 뼈,15
1036,아오아시라,하위,포획 보수,청웅수의 털,17
1037,아오아시라,하위,포획 보수,청웅수의 갑각,39
1038,아오아시라,하위,포획 보수,청웅수의 완갑,24
1039,아오아시라,하위,포획 보수,커다란 뼈,20
1040,아오아시라,하위,부위 파괴 보수,청웅수의 완갑,80
1041,아오아시라,하위,부위 파괴 보수,청웅수의 털,20
1042,아오아시라,하위,유실물,청웅수의 털,40
1043,아오아시라,하위,유실물,청웅수의 완갑,10
1044,아오아시라,하위,유실물,아수의 눈물방울,50
1045,아오아시라,하위,유실물,벌꿀,100
1046,아오아시라,하위,유실물,회어,85
1047,아오아시라,하위,유실물,황금어,15
1048,아오아시라,하위,유실물,청웅수의 털,60
1049,아오아시라,하위,유실물,청웅수의 갑각,40
1050,아오아시라,하위,동반자 아이루의 수집품,청웅수의 털,25
1051,아오아시라,하위,동반자 아이루의 수집품,청웅수의 갑각,21
1052,아오아시라,하위,동반자 아이루의 수집품,커다란 뼈,34
1053,아오아시라,하위,동반자 아이루의 수집품,벌꿀,20
1054,아오아시라,상위,타겟 보수,청웅수의 견갑각,14
1055,아오아시라,상위,타겟 보수,청웅수의 억센 털,36
1056,아오아시라,상위,타겟 보수,청웅수의 견완갑,21
1057,아오아시라,상위,타겟 보수,견고한 뼈,14
1058,아오아시라,상위,타겟 보수,벌꿀,10
1059,아오아시라,상위,타겟 보수,수옥,5
1060,아오아시라,상위,갈무리 소재,청웅수의 억센 털,52
1061,아오아시라,상위,갈무리 소재,청웅수의 견갑각,30
1062,아오아시라,상위,갈무리 소재,견고한 뼈,15
1063,아오아시라,상위,갈무리 소재,수옥,3
1064,아오아시라,상위,포획 보수,청웅수의 억센 털,16
1065,아오아시라,상위,포획 보수,청웅수의 견갑각,37
1066,아오아시라,상위,포획 보수,청웅수의 견완갑,22
1067,아오아시라,상위,포획 보수,견고한 뼈,18
1068,아오아시라,상위,포획 보수,수옥,7
1069,아오아시라,상위,부위 파괴 보수,청웅수의 견완갑,80
1070,아오아시라,상위,부위 파괴 보수,청웅수의 억센 털,20
1071,아오아시라,상위,유실물,청웅수의 억센 털,39
1072,아오아시라,상위,유실물,청웅수의 견완갑,10
1073,아오아시라,상위,유실물,수옥,1
1074,아오아시라,상위,유실물,아수의 눈물방울,30
1075,아오아시라,상위,유실물,아수의 큰눈물방울,20
1076,아오아시라,상위,유실물,벌꿀,100
1077,아오아시라,상위,유실물,회어,75
1078,아오아시라,상위,유실물,황금어,25
1079,아오아시라,상위,유실물,청웅수의 억센 털,60
1080,아오아시라,상위,유실물,청웅수의 견갑각,40
1081,아오아시라,상위,동반자 아이루의 수집품,청웅수의 억센 털,25
1082,아오아시라,상위,동반자 아이루의 수집품,청웅수의 견갑각,21
1083,아오아시라,상위,동반자 아이루의 수집품,견고한 뼈,34
1084,아오아시라,상위,동반자 아이루의 수집품,벌꿀,20
1085,울크스스,하위,타겟 보수,백토수의 털,22
1086,울크스스,하위,타겟 보수,백토수의 복갑,39
1087,울크스스,하위,타겟 보수,백토수의 얼음발톱,23
1088,울크스스,하위,타겟 보수,커다란 뼈,16
1089,울크스스,하위,갈무리 소재,백토수의 털,39
1090,울크스스,하위,갈무리 소재,백토수의 복갑,30
1091,울크스스,하위,갈무리 소재,백토수의 얼음발톱,24
1092,울크스스,하위,갈무리 소재,커다란 뼈,7
1093,울크스스,하위,포획 보수,백토수의 털,16
1094,울크스스,하위,포획 보수,백토수의 복갑,37
1095,울크스스,하위,포획 보수,백토수의 얼음발톱,16
1096,울크스스,하위,포획 보수,백토수의 귀,26
1097,울크스스,하위,포획 보수,커다란 뼈,5
1098,울크스스,하위,부위 파괴 보수,백토수의 귀,80
1099,울크스스,하위,부위 파괴 보수,백토수의 털,20
1100,울크스스,하위,유실물,백토수의 털,40
1101,울크스스,하위,유실물,백토수의 얼음발톱,10
1102,울크스스,하위,유실물,아수의 눈물방울,50
1103,울크스스,하위,유실물,백토수의 털,50
1104,울크스스,하위,유실물,백토수의 복갑,35
1105,울크스스,하위,유실물,백토수의 얼음발톱,15
1106,울크스스,하위,동반자 아이루의 수집품,백토수의 털,32
1107,울크스스,하위,동반자 아이루의 수집품,백토수의 복갑,26
1108,울크스스,하위,동반자 아이루의 수집품,백토수의 얼음발톱,13
1109,울크스스,하위,동반자 아이루의 수집품,커다란 뼈,29
1110,울크스스,상위,타겟 보수,백토수의 억센 털,21
1111,울크스스,상위,타겟 보수,백토수의 견복갑,38
1112,울크스스,상위,타겟 보수,백토수의 동결발톱,22
1113,울크스스,상위,타겟 보수,견고한 뼈,14
1114,울크스스,상위,타겟 보수,수옥,5
1115,울크스스,상위,갈무리 소재,백토수의 억센 털,38
1116,울크스스,상위,갈무리 소재,백토수의 견복갑,27
1117,울크스스,상위,갈무리 소재,백토수의 동결발톱,24
1118,울크스스,상위,갈무리 소재,견고한 뼈,8
1119,울크스스,상위,갈무리 소재,수옥,3
1120,울크스스,상위,포획 보수,백토수의 억센 털,14
1121,울크스스,상위,포획 보수,백토수의 견복갑,32
1122,울크스스,상위,포획 보수,백토수의 동결발톱,16
1123,울크스스,상위,포획 보수,백토수의 큰 귀,26
1124,울크스스,상위,포획 보수,견고한 뼈,5
1125,울크스스,상위,포획 보수,수옥,7
1126,울크스스,상위,부위 파괴 보수,백토수의 큰 귀,80
1127,울크스스,상위,부위 파괴 보수,백토수의 억센 털,12
1128,울크스스,상위,부위 파괴 보수,수옥,8
1129,울크스스,상위,유실물,백토수의 억센 털,39
1130,울크스스,상위,유실물,백토수의 동결발톱,10
1131,울크스스,상위,유실물,수옥,1
1132,울크스스,상위,유실물,아수의 눈물방울,30
1133,울크스스,상위,유실물,아수의 큰눈물방울,20
1134,울크스스,상위,유실물,백토수의 억센 털,50
1135,울크스스,상위,유실물,백토수의 견복갑,35
1136,울크스스,상위,유실물,백토수의 동결발톱,15
1137,울크스스,상위,동반자 아이루의 수집품,백토수의 억센 털,32
1138,울크스스,상위,동반자 아이루의 수집품,백토수의 견복갑,26
1139,울크스스,상위,동반자 아이루의 수집품,백토수의 동결발톱,13
1140,울크스스,상위,동반자 아이루의 수집품,견고한 뼈,29
1141,랑그로토라,하위,타겟 보수,적갑수의 갑각,15
1142,랑그로토라,하위,타겟 보수,적갑수의 발톱,19
1143,랑그로토라,하위,타겟 보수,적갑수의 사복갑,22
1144,랑그로토라,하위,타겟 보수,마비주머니,16
1145,랑그로토라,하위,타겟 보수,커다란 뼈,13
1146,랑그로토라,하위,타겟 보수,몬스터의 체액,15
1147,랑그로토라,하위,갈무리 소재,적갑수의 갑각,40
1148,랑그로토라,하위,갈무리 소재,적갑수의 발톱,19
1149,랑그로토라,하위,갈무리 소재,적갑수의 사복갑,24
1150,랑그로토라,하위,갈무리 소재,마비주머니,17
1151,랑그로토라,하위,포획 보수,적갑수의 갑각,26
1152,랑그로토라,하위,포획 보수,적갑수의 발톱,34
1153,랑그로토라,하위,포획 보수,마비주머니,22
1154,랑그로토라,하위,포획 보수,커다란 뼈,18
1155,랑그로토라,하위,부위 파괴 보수,적갑수의 사복갑,70
1156,랑그로토라,하위,부위 파괴 보수,적갑수의 갑각,30
1157,랑그로토라,하위,유실물,적갑수의 갑각,35
1158,랑그로토라,하위,유실물,적갑수의 발톱,15
1159,랑그로토라,하위,유실물,아수의 눈물방울,50
1160,랑그로토라,하위,유실물,적갑수의 갑각,55
1161,랑그로토라,하위,유실물,적갑수의 발톱,20
1162,랑그로토라,하위,유실물,몬스터의 체액,25
1163,랑그로토라,하위,동반자 아이루의 수집품,적갑수의 갑각,34
1164,랑그로토라,하위,동반자 아이루의 수집품,적갑수의 발톱,21
1165,랑그로토라,하위,동반자 아이루의 수집품,적갑수의 사복갑,17
1166,랑그로토라,하위,동반자 아이루의 수집품,마비주머니,28
1167,랑그로토라,상위,타겟 보수,적갑수의 견갑각,14
1168,랑그로토라,상위,타겟 보수,적갑수의 첨예발톱,21
1169,랑그로토라,상위,타겟 보수,적갑수의 사복갑,9
1170,랑그로토라,상위,타겟 보수,강력 마비주머니,20
1171,랑그로토라,상위,타겟 보수,견고한 뼈,11
1172,랑그로토라,상위,타겟 보수,몬스터의 농즙,18
1173,랑그로토라,상위,타겟 보수,수옥,7
1174,랑그로토라,상위,갈무리 소재,적갑수의 견갑각,41
1175,랑그로토라,상위,갈무리 소재,적갑수의 첨예발톱,22
1176,랑그로토라,상위,갈무리 소재,적갑수의 사복갑,11
1177,랑그로토라,상위,갈무리 소재,강력 마비주머니,21
1178,랑그로토라,상위,갈무리 소재,수옥,5
1179,랑그로토라,상위,포획 보수,적갑수의 견갑각,21
1180,랑그로토라,상위,포획 보수,적갑수의 첨예발톱,32
1181,랑그로토라,상위,포획 보수,강력 마비주머니,22
1182,랑그로토라,상위,포획 보수,견고한 뼈,16
1183,랑그로토라,상위,포획 보수,수옥,9
1184,랑그로토라,상위,부위 파괴 보수,적갑수의 사복갑,65
1185,랑그로토라,상위,부위 파괴 보수,적갑수의 견갑각,35
1186,랑그로토라,상위,유실물,적갑수의 견갑각,34
1187,랑그로토라,상위,유실물,적갑수의 첨예발톱,15
1188,랑그로토라,상위,유실물,수옥,1
1189,랑그로토라,상위,유실물,아수의 눈물방울,20
1190,랑그로토라,상위,유실물,아수의 큰눈물방울,30
1191,랑그로토라,상위,유실물,적갑수의 견갑각,55
1192,랑그로토라,상위,유실물,적갑수의 첨예발톱,20
1193,랑그로토라,상위,유실물,몬스터의 농즙,25
1194,랑그로토라,상위,동반자 아이루의 수집품,적갑수의 견갑각,37
1195,랑그로토라,상위,동반자 아이루의 수집품,적갑수의 첨예발톱,23
1196,랑그로토라,상위,동반자 아이루의 수집품,적갑수의 사복갑,9
1197,랑그로토라,상위,동반자 아이루의 수집품,강력 마비주머니,31
1198,타마미츠네,하위,타겟 보수,포호룡의 비늘,21
1199,타마미츠네,하위,타겟 보수,포호룡의 보랏빛털,31
1200,타마미츠네,하위,타겟 보수,포호룡의 발톱,15
1201,타마미츠네,하위,타겟 보수,거품 나는 액체,24
1202,타마미츠네,하위,타겟 보수,포호룡의 꼬리,7
1203,타마미츠네,하위,타겟 보수,포호룡의 역린,2
1204,타마미츠네,하위,갈무리 소재,포호룡의 비늘,39
1205,타마미츠네,하위,갈무리 소재,포호룡의 보랏빛털,26
1206,타마미츠네,하위,갈무리 소재,포호룡의 발톱,13
1207,타마미츠네,하위,갈무리 소재,거품 나는 액체,21
1208,타마미츠네,하위,갈무리 소재,포호룡의 역린,1
1209,타마미츠네,하위,갈무리 소재,포호룡의 꼬리,80
1210,타마미츠네,하위,갈무리 소재,포호룡의 보랏빛털,17
1211,타마미츠네,하위,갈무리 소재,포호룡의 역린,3
1212,타마미츠네,하위,포획 보수,포호룡의 비늘,16
1213,타마미츠네,하위,포획 보수,포호룡의 보랏빛털,23
1214,타마미츠네,하위,포획 보수,포호룡의 지느러미,32
1215,타마미츠네,하위,포획 보수,거품 나는 액체,14
1216,타마미츠네,하위,포획 보수,포호룡의 꼬리,12
1217,타마미츠네,하위,포획 보수,포호룡의 역린,3
1218,타마미츠네,하위,부위 파괴 보수,포호룡의 지느러미,65
1219,타마미츠네,하위,부위 파괴 보수,거품 나는 액체,32
1220,타마미츠네,하위,부위 파괴 보수,포호룡의 역린,3
1221,타마미츠네,하위,부위 파괴 보수,포호룡의 발톱,80
1222,타마미츠네,하위,부위 파괴 보수,포호룡의 보랏빛털,20
1223,타마미츠네,하위,부위 파괴 보수,포호룡의 발톱,80
1224,타마미츠네,하위,부위 파괴 보수,포호룡의 보랏빛털,20
1225,타마미츠네,하위,부위 파괴 보수,포호룡의 보랏빛털,68
1226,타마미츠네,하위,부위 파괴 보수,거품 나는 액체,30
1227,타마미츠네,하위,부위 파괴 보수,포호룡의 역린,2
1228,타마미츠네,하위,부위 파괴 보수,포호룡의 지느러미,60
1229,타마미츠네,하위,부위 파괴 보수,포호룡의 지느러미,10
1230,타마미츠네,하위,부위 파괴 보수,포호룡의 보랏빛털,30
1231,타마미츠네,하위,유실물,거품 나는 액체,30
1232,타마미츠네,하위,유실물,포호룡의 비늘,19
1233,타마미츠네,하위,유실물,포호룡의 역린,1
1234,타마미츠네,하위,유실물,용의 눈물방울,50
1235,타마미츠네,하위,유실물,거품 나는 액체,25
1236,타마미츠네,하위,유실물,포호룡의 비늘,45
1237,타마미츠네,하위,유실물,포호룡의 보랏빛털,30
1238,타마미츠네,하위,동반자 아이루의 수집품,포호룡의 비늘,46
1239,타마미츠네,하위,동반자 아이루의 수집품,포호룡의 보랏빛털,18
1240,타마미츠네,하위,동반자 아이루의 수집품,포호룡의 발톱,9
1241,타마미츠네,하위,동반자 아이루의 수집품,거품 나는 액체,27
1242,타마미츠네,상위,타겟 보수,포호룡의 비늘+,19
1243,타마미츠네,상위,타겟 보수,포호룡의 보랏빛털+,31
1244,타마미츠네,상위,타겟 보수,포호룡의 첨예발톱,15
1245,타마미츠네,상위,타겟 보수,거품 나는 액체+,23
1246,타마미츠네,상위,타겟 보수,포호룡의 꼬리,5
1247,타마미츠네,상위,타겟 보수,포호룡의 역린,5
1248,타마미츠네,상위,타겟 보수,포호룡의 수옥,2
1249,타마미츠네,상위,갈무리 소재,포호룡의 비늘+,38
1250,타마미츠네,상위,갈무리 소재,포호룡의 보랏빛털+,25
1251,타마미츠네,상위,갈무리 소재,포호룡의 첨예발톱,12
1252,타마미츠네,상위,갈무리 소재,거품 나는 액체+,21
1253,타마미츠네,상위,갈무리 소재,포호룡의 역린,3
1254,타마미츠네,상위,갈무리 소재,포호룡의 수옥,1
1255,타마미츠네,상위,갈무리 소재,포호룡의 꼬리,75
1256,타마미츠네,상위,갈무리 소재,포호룡의 보랏빛털+,15
1257,타마미츠네,상위,갈무리 소재,포호룡의 역린,7
1258,타마미츠네,상위,갈무리 소재,포호룡의 수옥,3
1259,타마미츠네,상위,포획 보수,포호룡의 비늘+,17
1260,타마미츠네,상위,포획 보수,포호룡의 보랏빛털+,27
1261,타마미츠네,상위,포획 보수,포호룡의 첨예발톱,22
1262,타마미츠네,상위,포획 보수,거품 나는 액체+,16
1263,타마미츠네,상위,포획 보수,포호룡의 꼬리,8
1264,타마미츠네,상위,포획 보수,포호룡의 역린,7
1265,타마미츠네,상위,포획 보수,포호룡의 수옥,3
1266,타마미츠네,상위,부위 파괴 보수,포호룡의 지느러미+,60
1267,타마미츠네,상위,부위 파괴 보수,거품 나는 액체+,30
1268,타마미츠네,상위,부위 파괴 보수,포호룡의 역린,7
1269,타마미츠네,상위,부위 파괴 보수,포호룡의 수옥,3
1270,타마미츠네,상위,부위 파괴 보수,포호룡의 첨예발톱,80
1271,타마미츠네,상위,부위 파괴 보수,포호룡의 보랏빛털+,20
1272,타마미츠네,상위,부위 파괴 보수,포호룡의 첨예발톱,80
1273,타마미츠네,상위,부위 파괴 보수,포호룡의 보랏빛털+,20
1274,타마미츠네,상위,부위 파괴 보수,포호룡의 보랏빛털+,65
1275,타마미츠네,상위,부위 파괴 보수,거품 나는 액체+,28
1276,타마미츠네,상위,부위 파괴 보수,포호룡의 역린,5
1277,타마미츠네,상위,부위 파괴 보수,포호룡의 수옥,2
1278,타마미츠네,상위,부위 파괴 보수,포호룡의 지느러미+,60
1279,타마미츠네,상위,부위 파괴 보수,포호룡의 지느러미+,10
1280,타마미츠네,상위,부위 파괴 보수,포호룡의 보랏빛털+,30
1281,타마미츠네,상위,유실물,거품 나는 액체+,28
1282,타마미츠네,상위,유실물,포호룡의 비늘+,18
1283,타마미츠네,상위,유실물,포호룡의 역린,3
1284,타마미츠네,상위,유실물,포호룡의 수옥,1
1285,타마미츠네,상위,유실물,용의 눈물방울,15
1286,타마미츠네,상위,유실물,용의 큰눈물방울,35
1287,타마미츠네,상위,유실물,거품 나는 액체+,25
1288,타마미츠네,상위,유실물,포호룡의 비늘+,44
1289,타마미츠네,상위,유실물,포호룡의 보랏빛털+,30
1290,타마미츠네,상위,유실물,포호룡의 역린,1
1291,타마미츠네,상위,동반자 아이루의 수집품,포호룡의 비늘+,45
1292,타마미츠네,상위,동반자 아이루의 수집품,포호룡의 보랏빛털+,18
1293,타마미츠네,상위,동반자 아이루의 수집품,포호룡의 첨예발톱,9
1294,타마미츠네,상위,동반자 아이루의 수집품,거품 나는 액체+,26
1295,타마미츠네,상위,동반자 아이루의 수집품,포호룡의 역린,2
1296,마가이마가도,하위,타겟 보수,원호룡의 비늘,17
1297,마가이마가도,하위,타겟 보수,원호룡의 갑각,29
1298,마가이마가도,하위,타겟 보수,원호룡의 발톱,21
1299,마가이마가도,하위,타겟 보수,원호룡의 검갑각,7
1300,마가이마가도,하위,타겟 보수,원호룡의 창날꼬리,8
1301,마가이마가도,하위,타겟 보수,원호룡의 영혼결정,16
1302,마가이마가도,하위,타겟 보수,원호룡의 역린,2
1303,마가이마가도,하위,갈무리 소재,원호룡의 비늘,36
1304,마가이마가도,하위,갈무리 소재,원호룡의 갑각,21
1305,마가이마가도,하위,갈무리 소재,원호룡의 발톱,16
1306,마가이마가도,하위,갈무리 소재,원호룡의 영혼결정,26
1307,마가이마가도,하위,갈무리 소재,원호룡의 역린,1
1308,마가이마가도,하위,갈무리 소재,원호룡의 창날꼬리,80
1309,마가이마가도,하위,갈무리 소재,원호룡의 비늘,20
1310,마가이마가도,하위,포획 보수,원호룡의 갑각,37
1311,마가이마가도,하위,포획 보수,원호룡의 투구뿔,26
1312,마가이마가도,하위,포획 보수,원호룡의 검갑각,19
1313,마가이마가도,하위,포획 보수,원호룡의 창날꼬리,15
1314,마가이마가도,하위,포획 보수,원호룡의 역린,3
1315,마가이마가도,하위,부위 파괴 보수,원호룡의 투구뿔,97
1316,마가이마가도,하위,부위 파괴 보수,원호룡의 역린,3
1317,마가이마가도,하위,부위 파괴 보수,원호룡의 발톱,80
1318,마가이마가도,하위,부위 파괴 보수,원호룡의 비늘,20
1319,마가이마가도,하위,부위 파괴 보수,원호룡의 검갑각,80
1320,마가이마가도,하위,부위 파괴 보수,원호룡의 영혼결정,20
1321,마가이마가도,하위,유실물,원호룡의 영혼결정,30
1322,마가이마가도,하위,유실물,원호룡의 비늘,19
1323,마가이마가도,하위,유실물,원호룡의 역린,1
1324,마가이마가도,하위,유실물,용의 눈물방울,50
1325,마가이마가도,하위,유실물,원호룡의 영혼결정,35
1326,마가이마가도,하위,유실물,원호룡의 비늘,31
1327,마가이마가도,하위,유실물,원호룡의 갑각,26
1328,마가이마가도,하위,유실물,원호룡의 검갑각,8
1329,마가이마가도,하위,동반자 아이루의 수집품,원호룡의 비늘,42
1330,마가이마가도,하위,동반자 아이루의 수집품,원호룡의 갑각,31
1331,마가이마가도,하위,동반자 아이루의 수집품,원호룡의 영혼결정,27
1332,마가이마가도,상위,타겟 보수,원호룡의 비늘+,18
1333,마가이마가도,상위,타겟 보수,원호룡의 견갑각,30
1334,마가이마가도,상위,타겟 보수,원호룡의 칼날발톱,22
1335,마가이마가도,상위,타겟 보수,원호룡의 요검갑각,8
1336,마가이마가도,상위,타겟 보수,원호룡의 혼결정,16
1337,마가이마가도,상위,타겟 보수,원호룡의 역린,5
1338,마가이마가도,상위,타겟 보수,원호룡의 자옥,1
1339,마가이마가도,상위,갈무리 소재,원호룡의 비늘+,34
1340,마가이마가도,상위,갈무리 소재,원호룡의 견갑각,20
1341,마가이마가도,상위,갈무리 소재,원호룡의 칼날발톱,16
1342,마가이마가도,상위,갈무리 소재,원호룡의 혼결정,26
1343,마가이마가도,상위,갈무리 소재,원호룡의 역린,3
1344,마가이마가도,상위,갈무리 소재,원호룡의 자옥,1
1345,마가이마가도,상위,갈무리 소재,원호룡의 창날꼬리,75
1346,마가이마가도,상위,갈무리 소재,원호룡의 비늘+,17
1347,마가이마가도,상위,갈무리 소재,원호룡의 역린,5
1348,마가이마가도,상위,갈무리 소재,원호룡의 자옥,3
1349,마가이마가도,상위,포획 보수,원호룡의 견갑각,35
1350,마가이마가도,상위,포획 보수,원호룡의 강투구뿔,25
1351,마가이마가도,상위,포획 보수,원호룡의 요검갑각,18
1352,마가이마가도,상위,포획 보수,원호룡의 창날꼬리,14
1353,마가이마가도,상위,포획 보수,원호룡의 역린,5
1354,마가이마가도,상위,포획 보수,원호룡의 자옥,3
1355,마가이마가도,상위,부위 파괴 보수,원호룡의 강투구뿔,92
1356,마가이마가도,상위,부위 파괴 보수,원호룡의 역린,5
1357,마가이마가도,상위,부위 파괴 보수,원호룡의 자옥,3
1358,마가이마가도,상위,부위 파괴 보수,원호룡의 칼날발톱,80
1359,마가이마가도,상위,부위 파괴 보수,원호룡의 비늘+,20
1360,마가이마가도,상위,부위 파괴 보수,원호룡의 요검갑각,80
1361,마가이마가도,상위,부위 파괴 보수,원호룡의 혼결정,20
1362,마가이마가도,상위,유실물,원호룡의 혼결정,30
1363,마가이마가도,상위,유실물,원호룡의 비늘+,16
1364,마가이마가도,상위,유실물,원호룡의 역린,3
1365,마가이마가도,상위,유실물,원호룡의 자옥,1
1366,마가이마가도,상위,유실물,용의 눈물방울,15
1367,마가이마가도,상위,유실물,용의 큰눈물방울,35
1368,마가이마가도,상위,유실물,원호룡의 혼결정,35
1369,마가이마가도,상위,유실물,원호룡의 비늘+,30
1370,마가이마가도,상위,유실물,원호룡의 견갑각,26
1371,마가이마가도,상위,유실물,원호룡의 요검갑각,8
1372,마가이마가도,상위,유실물,원호룡의 역린,1
1373,마가이마가도,상위,동반자 아이루의 수집품,원호룡의 비늘+,40
1374,마가이마가도,상위,동반자 아이루의 수집품,원호룡의 견갑각,30
1375,마가이마가도,상위,동반자 아이루의 수집품,원호룡의 혼결정,27
1376,마가이마가도,상위,동반자 아이루의 수집품,원호룡의 역린,3
1377,비슈텐고,하위,타겟 보수,천구수의 털,22
1378,비슈텐고,하위,타겟 보수,천구수의 깃털,33
1379,비슈텐고,하위,타겟 보수,천구수의 발톱,22
1380,비슈텐고,하위,타겟 보수,천구수의 감투,9
1381,비슈텐고,하위,타겟 보수,커다란 뼈,14
1382,비슈텐고,하위,갈무리 소재,천구수의 털,52
1383,비슈텐고,하위,갈무리 소재,천구수의 깃털,33
1384,비슈텐고,하위,갈무리 소재,천구수의 감투,5
1385,비슈텐고,하위,갈무리 소재,커다란 뼈,10
1386,비슈텐고,하위,포획 보수,천구수의 털,23
1387,비슈텐고,하위,포획 보수,천구수의 깃털,36
1388,비슈텐고,하위,포획 보수,천구수의 발톱,18
1389,비슈텐고,하위,포획 보수,천구수의 미갑,23
1390,비슈텐고,하위,부위 파괴 보수,천구수의 감투,80
1391,비슈텐고,하위,부위 파괴 보수,천구수의 털,20
1392,비슈텐고,하위,부위 파괴 보수,천구수의 깃털,70
1393,비슈텐고,하위,부위 파괴 보수,천구수의 발톱,30
1394,비슈텐고,하위,부위 파괴 보수,천구수의 미갑,100
1395,비슈텐고,하위,유실물,천구수의 털,40
1396,비슈텐고,하위,유실물,천구수의 미갑,10
1397,비슈텐고,하위,유실물,아수의 눈물방울,50
1398,비슈텐고,하위,유실물,큼직감,100
1399,비슈텐고,하위,유실물,부패감,100
1400,비슈텐고,하위,유실물,빛나감,100
1401,비슈텐고,하위,유실물,천구수의 털,50
1402,비슈텐고,하위,유실물,천구수의 깃털,35
1403,비슈텐고,하위,유실물,천구수의 미갑,15
1404,비슈텐고,하위,동반자 아이루의 수집품,천구수의 털,53
1405,비슈텐고,하위,동반자 아이루의 수집품,천구수의 깃털,29
1406,비슈텐고,하위,동반자 아이루의 수집품,천구수의 발톱,18
1407,비슈텐고,상위,타겟 보수,천구수의 억센 털,20
1408,비슈텐고,상위,타겟 보수,천구수의 깃털+,32
1409,비슈텐고,상위,타겟 보수,천구수의 첨예발톱,21
1410,비슈텐고,상위,타겟 보수,천구수의 감투+,9
1411,비슈텐고,상위,타겟 보수,견고한 뼈,12
1412,비슈텐고,상위,타겟 보수,수옥,6
1413,비슈텐고,상위,갈무리 소재,천구수의 억센 털,49
1414,비슈텐고,상위,갈무리 소재,천구수의 깃털+,32
1415,비슈텐고,상위,갈무리 소재,천구수의 감투+,5
1416,비슈텐고,상위,갈무리 소재,견고한 뼈,10
1417,비슈텐고,상위,갈무리 소재,수옥,4
1418,비슈텐고,상위,포획 보수,천구수의 억센 털,20
1419,비슈텐고,상위,포획 보수,천구수의 깃털+,33
1420,비슈텐고,상위,포획 보수,천구수의 첨예발톱,16
1421,비슈텐고,상위,포획 보수,천구수의 견미갑,23
1422,비슈텐고,상위,포획 보수,수옥,8
1423,비슈텐고,상위,부위 파괴 보수,천구수의 감투+,80
1424,비슈텐고,상위,부위 파괴 보수,천구수의 억센 털,15
1425,비슈텐고,상위,부위 파괴 보수,수옥,5
1426,비슈텐고,상위,부위 파괴 보수,천구수의 깃털+,70
1427,비슈텐고,상위,부위 파괴 보수,천구수의 첨예발톱,30
1428,비슈텐고,상위,부위 파괴 보수,천구수의 견미갑,100
1429,비슈텐고,상위,유실물,천구수의 억센 털,39
1430,비슈텐고,상위,유실물,천구수의 견미갑,10
1431,비슈텐고,상위,유실물,수옥,1
1432,비슈텐고,상위,유실물,아수의 눈물방울,20
1433,비슈텐고,상위,유실물,아수의 큰눈물방울,30
1434,비슈텐고,상위,유실물,큼직감,100
1435,비슈텐고,상위,유실물,부패감,100
1436,비슈텐고,상위,유실물,불감,100
1437,비슈텐고,상위,유실물,빛나감,100
1438,비슈텐고,상위,유실물,천구수의 억센 털,50
1439,비슈텐고,상위,유실물,천구수의 깃털+,35
1440,비슈텐고,상위,유실물,천구수의 견미갑,15
1441,비슈텐고,상위,동반자 아이루의 수집품,천구수의 억센 털,53
1442,비슈텐고,상위,동반자 아이루의 수집품,천구수의 깃털+,29
1443,비슈텐고,상위,동반자 아이루의 수집품,천구수의 첨예발톱,18
1444,아케노시름,하위,타겟 보수,산조의 비늘,24
1445,아케노시름,하위,타겟 보수,산조의 깃털비늘,32
1446,아케노시름,하위,타겟 보수,산조의 부리,8
1447,아케노시름,하위,타겟 보수,화염주머니,24
1448,아케노시름,하위,타겟 보수,용골【중】,12
1449,아케노시름,하위,갈무리 소재,산조의 비늘,43
1450,아케노시름,하위,갈무리 소재,산조의 깃털비늘,31
1451,아케노시름,하위,갈무리 소재,산조의 부리,5
1452,아케노시름,하위,갈무리 소재,화염주머니,21
1453,아케노시름,하위,포획 보수,산조의 비늘,24
1454,아케노시름,하위,포획 보수,산조의 깃털비늘,39
1455,아케노시름,하위,포획 보수,산조의 부리,12
1456,아케노시름,하위,포획 보수,산조의 볏,5
1457,아케노시름,하위,포획 보수,화염주머니,20
1458,아케노시름,하위,부위 파괴 보수,산조의 부리,70
1459,아케노시름,하위,부위 파괴 보수,산조의 비늘,30
1460,아케노시름,하위,부위 파괴 보수,산조의 볏,100
1461,아케노시름,하위,부위 파괴 보수,산조의 깃털비늘,100
1462,아케노시름,하위,부위 파괴 보수,산조의 비늘,100
1463,아케노시름,하위,유실물,산조의 비늘,35
1464,아케노시름,하위,유실물,산조의 깃털비늘,15
1465,아케노시름,하위,유실물,용의 눈물방울,50
1466,아케노시름,하위,유실물,산조의 비늘,70
1467,아케노시름,하위,유실물,산조의 깃털비늘,30
1468,아케노시름,하위,동반자 아이루의 수집품,산조의 비늘,43
1469,아케노시름,하위,동반자 아이루의 수집품,산조의 깃털비늘,31
1470,아케노시름,하위,동반자 아이루의 수집품,화염주머니,26
1471,아케노시름,상위,타겟 보수,산조의 비늘+,21
1472,아케노시름,상위,타겟 보수,산조의 깃털비늘+,30
1473,아케노시름,상위,타겟 보수,산조의 부리,12
1474,아케노시름,상위,타겟 보수,폭염주머니,24
1475,아케노시름,상위,타겟 보수,조룡옥,3
1476,아케노시름,상위,타겟 보수,첨룡골,10
1477,아케노시름,상위,갈무리 소재,산조의 비늘+,41
1478,아케노시름,상위,갈무리 소재,산조의 깃털비늘+,29
1479,아케노시름,상위,갈무리 소재,산조의 부리,8
1480,아케노시름,상위,갈무리 소재,폭염주머니,19
1481,아케노시름,상위,갈무리 소재,조룡옥,3
1482,아케노시름,상위,포획 보수,산조의 비늘+,21
1483,아케노시름,상위,포획 보수,산조의 깃털비늘+,36
1484,아케노시름,상위,포획 보수,산조의 부리,15
1485,아케노시름,상위,포획 보수,산조의 큰 볏,5
1486,아케노시름,상위,포획 보수,폭염주머니,18
1487,아케노시름,상위,포획 보수,조룡옥,5
1488,아케노시름,상위,부위 파괴 보수,산조의 부리,70
1489,아케노시름,상위,부위 파괴 보수,산조의 비늘+,25
1490,아케노시름,상위,부위 파괴 보수,조룡옥,5
1491,아케노시름,상위,부위 파괴 보수,산조의 큰 볏,100
1492,아케노시름,상위,부위 파괴 보수,산조의 깃털비늘+,100
1493,아케노시름,상위,부위 파괴 보수,산조의 비늘+,100
1494,아케노시름,상위,유실물,산조의 비늘+,34
1495,아케노시름,상위,유실물,산조의 깃털비늘+,15
1496,아케노시름,상위,유실물,조룡옥,1
1497,아케노시름,상위,유실물,용의 눈물방울,30
1498,아케노시름,상위,유실물,용의 큰눈물방울,20
1499,아케노시름,상위,유실물,산조의 비늘+,70
1500,아케노시름,상위,유실물,산조의 깃털비늘+,30
1501,아케노시름,상위,동반자 아이루의 수집품,산조의 비늘+,43
1502,아케노시름,상위,동반자 아이루의 수집품,산조의 깃털비늘+,31
1503,아케노시름,상위,동반자 아이루의 수집품,폭염주머니,26
1504,요츠미와두,하위,타겟 보수,하동와의 가죽,24
1505,요츠미와두,하위,타겟 보수,하동와의 태배갑,32
1506,요츠미와두,하위,타겟 보수,하동와의 주둥이,8
1507,요츠미와두,하위,타겟 보수,물주머니,24
1508,요츠미와두,하위,타겟 보수,커다란 뼈,12
1509,요츠미와두,하위,갈무리 소재,하동와의 가죽,44
1510,요츠미와두,하위,갈무리 소재,하동와의 태배갑,32
1511,요츠미와두,하위,갈무리 소재,하동와의 주둥이,5
1512,요츠미와두,하위,갈무리 소재,물주머니,19
1513,요츠미와두,하위,포획 보수,하동와의 가죽,21
1514,요츠미와두,하위,포획 보수,하동와의 태배갑,33
1515,요츠미와두,하위,포획 보수,하동와의 주둥이,12
1516,요츠미와두,하위,포획 보수,하동와의 접시,5
1517,요츠미와두,하위,포획 보수,물주머니,29
1518,요츠미와두,하위,부위 파괴 보수,하동와의 주둥이,70
1519,요츠미와두,하위,부위 파괴 보수,하동와의 가죽,30
1520,요츠미와두,하위,부위 파괴 보수,하동와의 접시,100
1521,요츠미와두,하위,부위 파괴 보수,하동와의 가죽,100
1522,요츠미와두,하위,부위 파괴 보수,하동와의 태배갑,100
1523,요츠미와두,하위,부위 파괴 보수,물주머니,70
1524,요츠미와두,하위,부위 파괴 보수,하동와의 가죽,30
1525,요츠미와두,하위,유실물,하동와의 태배갑,30
1526,요츠미와두,하위,유실물,하동와의 가죽,20
1527,요츠미와두,하위,유실물,예쁜 혼구슬,50
1528,요츠미와두,하위,유실물,하동와의 태배갑,70
1529,요츠미와두,하위,유실물,하동와의 가죽,30
1530,요츠미와두,하위,동반자 아이루의 수집품,하동와의 가죽,41
1531,요츠미와두,하위,동반자 아이루의 수집품,하동와의 태배갑,32
1532,요츠미와두,하위,동반자 아이루의 수집품,물주머니,27
1533,요츠미와두,상위,타겟 보수,하동와의 가죽+,24
1534,요츠미와두,상위,타겟 보수,하동와의 태견갑,32
1535,요츠미와두,상위,타겟 보수,하동와의 큰 주둥이,8
1536,요츠미와두,상위,타겟 보수,큰물주머니,24
1537,요츠미와두,상위,타겟 보수,견고한 뼈,12
1538,요츠미와두,상위,갈무리 소재,하동와의 가죽+,44
1539,요츠미와두,상위,갈무리 소재,하동와의 태견갑,32
1540,요츠미와두,상위,갈무리 소재,하동와의 큰 주둥이,5
1541,요츠미와두,상위,갈무리 소재,큰물주머니,19
1542,요츠미와두,상위,포획 보수,하동와의 가죽+,21
1543,요츠미와두,상위,포획 보수,하동와의 태견갑,33
1544,요츠미와두,상위,포획 보수,하동와의 큰 주둥이,12
1545,요츠미와두,상위,포획 보수,하동와의 큰 접시,5
1546,요츠미와두,상위,포획 보수,큰물주머니,29
1547,요츠미와두,상위,부위 파괴 보수,하동와의 큰 주둥이,70
1548,요츠미와두,상위,부위 파괴 보수,하동와의 가죽+,30
1549,요츠미와두,상위,부위 파괴 보수,하동와의 큰 접시,100
1550,요츠미와두,상위,부위 파괴 보수,하동와의 가죽+,100
1551,요츠미와두,상위,부위 파괴 보수,하동와의 태견갑,100
1552,요츠미와두,상위,부위 파괴 보수,큰물주머니,70
1553,요츠미와두,상위,부위 파괴 보수,하동와의 가죽+,30
1554,요츠미와두,상위,유실물,하동와의 태견갑,30
1555,요츠미와두,상위,유실물,하동와의 가죽+,20
1556,요츠미와두,상위,유실물,예쁜 혼구슬,20
1557,요츠미와두,상위,유실물,빛나는 혼구슬,30
1558,요츠미와두,상위,유실물,하동와의 태견갑,70
1559,요츠미와두,상위,유실물,하동와의 가죽+,30
1560,요츠미와두,상위,동반자 아이루의 수집품,하동와의 가죽+,41
1561,요츠미와두,상위,동반자 아이루의 수집품,하동와의 태견갑,32
1562,요츠미와두,상위,동반자 아이루의 수집품,큰물주머니,27
1563,이소네미쿠니,하위,타겟 보수,인어룡의 비늘,21
1564,이소네미쿠니,하위,타겟 보수,인어룡의 갑각,34
1565,이소네미쿠니,하위,타겟 보수,인어룡의 지느러미,14
1566,이소네미쿠니,하위,타겟 보수,인어룡의 졸음가루,23
1567,이소네미쿠니,하위,타겟 보수,용골【대】,8
1568,이소네미쿠니,하위,갈무리 소재,인어룡의 비늘,43
1569,이소네미쿠니,하위,갈무리 소재,인어룡의 갑각,33
1570,이소네미쿠니,하위,갈무리 소재,인어룡의 지느러미,10
1571,이소네미쿠니,하위,갈무리 소재,인어룡의 졸음가루,14
1572,이소네미쿠니,하위,포획 보수,인어룡의 비늘,17
1573,이소네미쿠니,하위,포획 보수,인어룡의 졸음가루,30
1574,이소네미쿠니,하위,포획 보수,인어룡의 발톱,27
1575,이소네미쿠니,하위,포획 보수,인어룡의 졸음가루,12
1576,이소네미쿠니,하위,포획 보수,용골【대】,14
1577,이소네미쿠니,하위,부위 파괴 보수,인어룡의 지느러미,80
1578,이소네미쿠니,하위,부위 파괴 보수,인어룡의 졸음가루,20
1579,이소네미쿠니,하위,부위 파괴 보수,인어룡의 발톱,80
1580,이소네미쿠니,하위,부위 파괴 보수,인어룡의 비늘,20
1581,이소네미쿠니,하위,부위 파괴 보수,인어룡의 비늘,100
1582,이소네미쿠니,하위,유실물,인어룡의 졸음가루,40
1583,이소네미쿠니,하위,유실물,인어룡의 발톱,10
1584,이소네미쿠니,하위,유실물,용의 눈물방울,50
1585,이소네미쿠니,하위,유실물,인어룡의 졸음가루,35
1586,이소네미쿠니,하위,유실물,인어룡의 비늘,50
1587,이소네미쿠니,하위,유실물,인어룡의 발톱,15
1588,이소네미쿠니,하위,동반자 아이루의 수집품,인어룡의 비늘,43
1589,이소네미쿠니,하위,동반자 아이루의 수집품,인어룡의 갑각,32
1590,이소네미쿠니,하위,동반자 아이루의 수집품,인어룡의 졸음가루,25
1591,이소네미쿠니,상위,타겟 보수,인어룡의 비늘+,21
1592,이소네미쿠니,상위,타겟 보수,인어룡의 견갑각,33
1593,이소네미쿠니,상위,타겟 보수,인어룡의 지느러미+,14
1594,이소네미쿠니,상위,타겟 보수,인어룡의 수면가루,23
1595,이소네미쿠니,상위,타겟 보수,견룡골,7
1596,이소네미쿠니,상위,타겟 보수,용옥,2
1597,이소네미쿠니,상위,갈무리 소재,인어룡의 비늘+,43
1598,이소네미쿠니,상위,갈무리 소재,인어룡의 견갑각,32
1599,이소네미쿠니,상위,갈무리 소재,인어룡의 지느러미+,10
1600,이소네미쿠니,상위,갈무리 소재,인어룡의 수면가루,14
1601,이소네미쿠니,상위,갈무리 소재,용옥,1
1602,이소네미쿠니,상위,포획 보수,인어룡의 비늘+,16
1603,이소네미쿠니,상위,포획 보수,인어룡의 견갑각,29
1604,이소네미쿠니,상위,포획 보수,인어룡의 첨예발톱,26
1605,이소네미쿠니,상위,포획 보수,인어룡의 수면가루,12
1606,이소네미쿠니,상위,포획 보수,견룡골,14
1607,이소네미쿠니,상위,포획 보수,용옥,3
1608,이소네미쿠니,상위,부위 파괴 보수,인어룡의 지느러미+,80
1609,이소네미쿠니,상위,부위 파괴 보수,인어룡의 수면가루,17
1610,이소네미쿠니,상위,부위 파괴 보수,용옥,3
1611,이소네미쿠니,상위,부위 파괴 보수,인어룡의 첨예발톱,80
1612,이소네미쿠니,상위,부위 파괴 보수,인어룡의 비늘+,20
1613,이소네미쿠니,상위,부위 파괴 보수,인어룡의 비늘+,97
1614,이소네미쿠니,상위,부위 파괴 보수,용옥,3
1615,이소네미쿠니,상위,유실물,인어룡의 수면가루,39
1616,이소네미쿠니,상위,유실물,인어룡의 첨예발톱,10
1617,이소네미쿠니,상위,유실물,용옥,1
1618,이소네미쿠니,상위,유실물,용의 눈물방울,20
1619,이소네미쿠니,상위,유실물,용의 큰눈물방울,30
1620,이소네미쿠니,상위,유실물,인어룡의 수면가루,35
1621,이소네미쿠니,상위,유실물,인어룡의 비늘+,50
1622,이소네미쿠니,상위,유실물,인어룡의 첨예발톱,15
1623,이소네미쿠니,상위,동반자 아이루의 수집품,인어룡의 비늘+,43
1624,이소네미쿠니,상위,동반자 아이루의 수집품,인어룡의 견갑각,32
1625,이소네미쿠니,상위,동반자 아이루의 수집품,인어룡의 수면가루,25
1626,야츠카다키,상위,타겟 보수,비지주의 견갑각,17
1627,야츠카다키,상위,타겟 보수,비지주의 견사,12
1628,야츠카다키,상위,타겟 보수,비지주의 등복,17
1629,야츠카다키,상위,타겟 보수,비지주의 발톱+,25
1630,야츠카다키,상위,타겟 보수,비지주의 뾰족가시,10
1631,야츠카다키,상위,타겟 보수,몬스터의 농즙,19
1632,야츠카다키,상위,갈무리 소재,비지주의 견갑각,33
1633,야츠카다키,상위,갈무리 소재,비지주의 견사,13
1634,야츠카다키,상위,갈무리 소재,비지주의 등복,16
1635,야츠카다키,상위,갈무리 소재,비지주의 발톱+,24
1636,야츠카다키,상위,갈무리 소재,몬스터의 농즙,14
1637,야츠카다키,상위,포획 보수,비지주의 견갑각,25
1638,야츠카다키,상위,포획 보수,비지주의 견사,17
1639,야츠카다키,상위,포획 보수,비지주의 발톱+,33
1640,야츠카다키,상위,포획 보수,비지주의 뾰족가시,15
1641,야츠카다키,상위,포획 보수,몬스터의 농즙,10
1642,야츠카다키,상위,부위 파괴 보수,비지주의 견갑각,50
1643,야츠카다키,상위,부위 파괴 보수,비지주의 견사,30
1644,야츠카다키,상위,부위 파괴 보수,몬스터의 농즙,20
1645,야츠카다키,상위,부위 파괴 보수,비지주의 등복,60
1646,야츠카다키,상위,부위 파괴 보수,비지주의 뾰족가시,40
1647,야츠카다키,상위,부위 파괴 보수,비지주의 발톱+,100
1648,야츠카다키,상위,부위 파괴 보수,비지주의 견사,80
1649,야츠카다키,상위,부위 파괴 보수,비지주의 뾰족가시,20
1650,야츠카다키,상위,유실물,비지주의 견사,40
1651,야츠카다키,상위,유실물,비지주의 뾰족가시,10
1652,야츠카다키,상위,유실물,병정의 페로몬,10
1653,야츠카다키,상위,유실물,여왕의 페로몬,40
1654,야츠카다키,상위,유실물,비지주의 견사,30
1655,야츠카다키,상위,유실물,비지주의 견갑각,60
1656,야츠카다키,상위,유실물,비지주의 뾰족가시,10
1657,야츠카다키,상위,동반자 아이루의 수집품,비지주의 견갑각,35
1658,야츠카다키,상위,동반자 아이루의 수집품,비지주의 발톱+,23
1659,야츠카다키,상위,동반자 아이루의 수집품,몬스터의 농즙,42
1660,오로미도로,하위,타겟 보수,이옹룡의 비늘,16
1661,오로미도로,하위,타겟 보수,이옹룡의 갑각,27
1662,오로미도로,하위,타겟 보수,이옹룡의 지느러미,15
1663,오로미도로,하위,타겟 보수,이옹룡의 수염,10
1664,오로미도로,하위,타겟 보수,이옹룡의 꼬리,8
1665,오로미도로,하위,타겟 보수,황금빛 진흙,22
1666,오로미도로,하위,타겟 보수,이옹룡의 역린,2
1667,오로미도로,하위,갈무리 소재,이옹룡의 비늘,38
1668,오로미도로,하위,갈무리 소재,이옹룡의 갑각,27
1669,오로미도로,하위,갈무리 소재,이옹룡의 지느러미,22
1670,오로미도로,하위,갈무리 소재,이옹룡의 수염,12
1671,오로미도로,하위,갈무리 소재,이옹룡의 역린,1
1672,오로미도로,하위,갈무리 소재,이옹룡의 꼬리,80
1673,오로미도로,하위,갈무리 소재,이옹룡의 지느러미,17
1674,오로미도로,하위,갈무리 소재,이옹룡의 역린,3
1675,오로미도로,하위,포획 보수,이옹룡의 비늘,18
1676,오로미도로,하위,포획 보수,이옹룡의 갑각,23
1677,오로미도로,하위,포획 보수,이옹룡의 발톱,31
1678,오로미도로,하위,포획 보수,이옹룡의 꼬리,12
1679,오로미도로,하위,포획 보수,황금빛 진흙,13
1680,오로미도로,하위,포획 보수,이옹룡의 역린,3
1681,오로미도로,하위,부위 파괴 보수,이옹룡의 수염,80
1682,오로미도로,하위,부위 파괴 보수,이옹룡의 지느러미,17
1683,오로미도로,하위,부위 파괴 보수,이옹룡의 역린,3
1684,오로미도로,하위,부위 파괴 보수,이옹룡의 비늘,70
1685,오로미도로,하위,부위 파괴 보수,이옹룡의 갑각,30
1686,오로미도로,하위,부위 파괴 보수,이옹룡의 발톱,90
1687,오로미도로,하위,부위 파괴 보수,이옹룡의 비늘,10
1688,오로미도로,하위,부위 파괴 보수,이옹룡의 지느러미,80
1689,오로미도로,하위,부위 파괴 보수,이옹룡의 갑각,20
1690,오로미도로,하위,유실물,황금빛 진흙,30
1691,오로미도로,하위,유실물,이옹룡의 비늘,19
1692,오로미도로,하위,유실물,이옹룡의 역린,1
1693,오로미도로,하위,유실물,용의 눈물방울,50
1694,오로미도로,하위,유실물,황금빛 진흙,25
1695,오로미도로,하위,유실물,이옹룡의 비늘,37
1696,오로미도로,하위,유실물,이옹룡의 갑각,28
1697,오로미도로,하위,유실물,이옹룡의 발톱,10
1698,오로미도로,하위,동반자 아이루의 수집품,이옹룡의 비늘,37
1699,오로미도로,하위,동반자 아이루의 수집품,이옹룡의 갑각,21
1700,오로미도로,하위,동반자 아이루의 수집품,이옹룡의 지느러미,13
1701,오로미도로,하위,동반자 아이루의 수집품,황금빛 진흙,29
1702,오로미도로,상위,타겟 보수,이옹룡의 비늘+,17
1703,오로미도로,상위,타겟 보수,이옹룡의 견갑각,28
1704,오로미도로,상위,타겟 보수,이옹룡의 지느러미+,16
1705,오로미도로,상위,타겟 보수,이옹룡의 긴 수염,10
1706,오로미도로,상위,타겟 보수,황금빛 찰흙,23
1707,오로미도로,상위,타겟 보수,이옹룡의 역린,5
1708,오로미도로,상위,타겟 보수,이옹룡의 황옥,1
1709,오로미도로,상위,갈무리 소재,이옹룡의 비늘+,36
1710,오로미도로,상위,갈무리 소재,이옹룡의 견갑각,26
1711,오로미도로,상위,갈무리 소재,이옹룡의 지느러미+,22
1712,오로미도로,상위,갈무리 소재,이옹룡의 긴 수염,12
1713,오로미도로,상위,갈무리 소재,이옹룡의 역린,3
1714,오로미도로,상위,갈무리 소재,이옹룡의 황옥,1
1715,오로미도로,상위,갈무리 소재,이옹룡의 꼬리,80
1716,오로미도로,상위,갈무리 소재,이옹룡의 지느러미+,12
1717,오로미도로,상위,갈무리 소재,이옹룡의 역린,5
1718,오로미도로,상위,갈무리 소재,이옹룡의 황옥,3
1719,오로미도로,상위,포획 보수,이옹룡의 비늘+,15
1720,오로미도로,상위,포획 보수,이옹룡의 견갑각,21
1721,오로미도로,상위,포획 보수,이옹룡의 첨예발톱,31
1722,오로미도로,상위,포획 보수,이옹룡의 꼬리,12
1723,오로미도로,상위,포획 보수,황금빛 찰흙,13
1724,오로미도로,상위,포획 보수,이옹룡의 역린,5
1725,오로미도로,상위,포획 보수,이옹룡의 황옥,3
1726,오로미도로,상위,부위 파괴 보수,이옹룡의 긴 수염,80
1727,오로미도로,상위,부위 파괴 보수,이옹룡의 지느러미+,12
1728,오로미도로,상위,부위 파괴 보수,이옹룡의 역린,5
1729,오로미도로,상위,부위 파괴 보수,이옹룡의 황옥,3
1730,오로미도로,상위,부위 파괴 보수,이옹룡의 비늘+,70
1731,오로미도로,상위,부위 파괴 보수,이옹룡의 견갑각,30
1732,오로미도로,상위,부위 파괴 보수,이옹룡의 첨예발톱,90
1733,오로미도로,상위,부위 파괴 보수,이옹룡의 비늘+,10
1734,오로미도로,상위,부위 파괴 보수,이옹룡의 지느러미+,80
1735,오로미도로,상위,부위 파괴 보수,이옹룡의 견갑각,20
1736,오로미도로,상위,유실물,황금빛 찰흙,28
1737,오로미도로,상위,유실물,이옹룡의 비늘+,18
1738,오로미도로,상위,유실물,이옹룡의 역린,3
1739,오로미도로,상위,유실물,이옹룡의 황옥,1
1740,오로미도로,상위,유실물,용의 눈물방울,10
1741,오로미도로,상위,유실물,용의 큰눈물방울,40
1742,오로미도로,상위,유실물,황금빛 찰흙,25
1743,오로미도로,상위,유실물,이옹룡의 비늘+,36
1744,오로미도로,상위,유실물,이옹룡의 견갑각,28
1745,오로미도로,상위,유실물,이옹룡의 첨예발톱,10
1746,오로미도로,상위,유실물,이옹룡의 역린,1
1747,오로미도로,상위,동반자 아이루의 수집품,이옹룡의 비늘+,37
1748,오로미도로,상위,동반자 아이루의 수집품,이옹룡의 견갑각,21
1749,오로미도로,상위,동반자 아이루의 수집품,이옹룡의 지느러미+,13
1750,오로미도로,상위,동반자 아이루의 수집품,황금빛 찰흙,28
1751,오로미도로,상위,동반자 아이루의 수집품,이옹룡의 역린,1
1752,이부시마키히코,상위,타겟 보수,풍신룡의 견갑각,22
1753,이부시마키히코,상위,타겟 보수,풍신룡의 가죽+,32
1754,이부시마키히코,상위,타겟 보수,풍신룡의 첨예뿔,12
1755,이부시마키히코,상위,타겟 보수,풍신룡의 바람주머니,14
1756,이부시마키히코,상위,타겟 보수,풍신룡의 푸른가시,18
1757,이부시마키히코,상위,타겟 보수,풍신의 용옥,2
1758,이부시마키히코,상위,갈무리 소재,풍신룡의 견갑각,37
1759,이부시마키히코,상위,갈무리 소재,풍신룡의 가죽+,29
1760,이부시마키히코,상위,갈무리 소재,풍신룡의 첨예발톱,21
1761,이부시마키히코,상위,갈무리 소재,풍신룡의 푸른가시,12
1762,이부시마키히코,상위,갈무리 소재,풍신의 용옥,1
1763,이부시마키히코,상위,갈무리 소재,풍신룡의 바람주머니,80
1764,이부시마키히코,상위,갈무리 소재,풍신룡의 견갑각,17
1765,이부시마키히코,상위,갈무리 소재,풍신의 용옥,3
1766,이부시마키히코,상위,부위 파괴 보수,풍신룡의 첨예뿔,80
1767,이부시마키히코,상위,부위 파괴 보수,풍신룡의 가죽+,17
1768,이부시마키히코,상위,부위 파괴 보수,풍신의 용옥,3
1769,이부시마키히코,상위,부위 파괴 보수,풍신룡의 첨예발톱,80
1770,이부시마키히코,상위,부위 파괴 보수,풍신룡의 바람주머니,20
1771,이부시마키히코,상위,부위 파괴 보수,풍신룡의 바람주머니,60
1772,이부시마키히코,상위,부위 파괴 보수,풍신룡의 푸른가시,40
1773,이부시마키히코,상위,유실물,용의 보물,29
1774,이부시마키히코,상위,유실물,풍신룡의 첨예발톱,20
1775,이부시마키히코,상위,유실물,풍신룡의 바람주머니,30
1776,이부시마키히코,상위,유실물,풍신룡의 푸른가시,20
1777,이부시마키히코,상위,유실물,풍신의 용옥,1
1778,이부시마키히코,상위,유실물,풍신룡의 견갑각,50
1779,이부시마키히코,상위,유실물,풍신룡의 가죽+,35
1780,이부시마키히코,상위,유실물,풍신룡의 첨예발톱,15
1781,이부시마키히코,상위,동반자 아이루의 수집품,풍신룡의 견갑각,49
1782,이부시마키히코,상위,동반자 아이루의 수집품,풍신룡의 가죽+,35
1783,이부시마키히코,상위,동반자 아이루의 수집품,풍신룡의 푸른가시,16
1784,고샤하기,하위,타겟 보수,설귀수의 털,19
1785,고샤하기,하위,타겟 보수,설귀수의 가죽,29
1786,고샤하기,하위,타겟 보수,설귀수의 완갑,20
1787,고샤하기,하위,타겟 보수,빙결 얼음덩어리,14
1788,고샤하기,하위,타겟 보수,빙결주머니,10
1789,고샤하기,하위,타겟 보수,커다란 경골,8
1790,고샤하기,하위,갈무리 소재,설귀수의 털,32
1791,고샤하기,하위,갈무리 소재,설귀수의 가죽,19
1792,고샤하기,하위,갈무리 소재,설귀수의 완갑,16
1793,고샤하기,하위,갈무리 소재,설귀수의 뿔,21
1794,고샤하기,하위,갈무리 소재,빙결주머니,12
1795,고샤하기,하위,포획 보수,설귀수의 털,14
1796,고샤하기,하위,포획 보수,설귀수의 가죽,29
1797,고샤하기,하위,포획 보수,설귀수의 완갑,25
1798,고샤하기,하위,포획 보수,설귀수의 발톱,20
1799,고샤하기,하위,포획 보수,빙결 얼음덩어리,12
1800,고샤하기,하위,부위 파괴 보수,설귀수의 뿔,80
1801,고샤하기,하위,부위 파괴 보수,설귀수의 가죽,20
1802,고샤하기,하위,부위 파괴 보수,설귀수의 털,80
1803,고샤하기,하위,부위 파괴 보수,설귀수의 가죽,20
1804,고샤하기,하위,부위 파괴 보수,설귀수의 발톱,80
1805,고샤하기,하위,부위 파괴 보수,설귀수의 완갑,20
1806,고샤하기,하위,유실물,빙결 얼음덩어리,35
1807,고샤하기,하위,유실물,설귀수의 발톱,15
1808,고샤하기,하위,유실물,아수의 눈물방울,50
1809,고샤하기,하위,유실물,빙결 얼음덩어리,25
1810,고샤하기,하위,유실물,설귀수의 털,40
1811,고샤하기,하위,유실물,설귀수의 가죽,25
1812,고샤하기,하위,유실물,설귀수의 발톱,10
1813,고샤하기,하위,유실물,설귀수의 털,60
1814,고샤하기,하위,유실물,아수의 눈물방울,40
1815,고샤하기,하위,동반자 아이루의 수집품,설귀수의 털,39
1816,고샤하기,하위,동반자 아이루의 수집품,설귀수의 가죽,28
1817,고샤하기,하위,동반자 아이루의 수집품,설귀수의 완갑,21
1818,고샤하기,하위,동반자 아이루의 수집품,빙결 얼음덩어리,12
1819,고샤하기,상위,타겟 보수,설귀수의 억센 털,18
1820,고샤하기,상위,타겟 보수,설귀수의 가죽+,27
1821,고샤하기,상위,타겟 보수,설귀수의 견완갑,20
1822,고샤하기,상위,타겟 보수,빙결 얼음덩어리+,14
1823,고샤하기,상위,타겟 보수,동결주머니,10
1824,고샤하기,상위,타겟 보수,수옥,8
1825,고샤하기,상위,타겟 보수,설귀담,3
1826,고샤하기,상위,갈무리 소재,설귀수의 억센 털,29
1827,고샤하기,상위,갈무리 소재,설귀수의 가죽+,18
1828,고샤하기,상위,갈무리 소재,설귀수의 견완갑,15
1829,고샤하기,상위,갈무리 소재,설귀수의 첨예뿔,21
1830,고샤하기,상위,갈무리 소재,동결주머니,9
1831,고샤하기,상위,갈무리 소재,수옥,6
1832,고샤하기,상위,갈무리 소재,설귀담,2
1833,고샤하기,상위,포획 보수,설귀수의 억센 털,12
1834,고샤하기,상위,포획 보수,설귀수의 가죽+,25
1835,고샤하기,상위,포획 보수,설귀수의 견완갑,20
1836,고샤하기,상위,포획 보수,설귀수의 첨예발톱,18
1837,고샤하기,상위,포획 보수,빙결 얼음덩어리+,10
1838,고샤하기,상위,포획 보수,수옥,10
1839,고샤하기,상위,포획 보수,설귀담,5
1840,고샤하기,상위,부위 파괴 보수,설귀수의 첨예뿔,80
1841,고샤하기,상위,부위 파괴 보수,설귀수의 가죽+,10
1842,고샤하기,상위,부위 파괴 보수,수옥,10
1843,고샤하기,상위,부위 파괴 보수,설귀수의 억센 털,80
1844,고샤하기,상위,부위 파괴 보수,설귀수의 가죽+,12
1845,고샤하기,상위,부위 파괴 보수,설귀담,8
1846,고샤하기,상위,부위 파괴 보수,설귀수의 첨예발톱,80
1847,고샤하기,상위,부위 파괴 보수,설귀수의 견완갑,20
1848,고샤하기,상위,유실물,빙결 얼음덩어리+,33
1849,고샤하기,상위,유실물,설귀수의 첨예발톱,14
1850,고샤하기,상위,유실물,수옥,2
1851,고샤하기,상위,유실물,설귀담,1
1852,고샤하기,상위,유실물,아수의 눈물방울,15
1853,고샤하기,상위,유실물,아수의 큰눈물방울,35
1854,고샤하기,상위,유실물,빙결 얼음덩어리+,25
1855,고샤하기,상위,유실물,설귀수의 억센 털,40
1856,고샤하기,상위,유실물,설귀수의 가죽+,25
1857,고샤하기,상위,유실물,설귀수의 첨예발톱,10
1858,고샤하기,상위,유실물,설귀수의 억센 털,60
1859,고샤하기,상위,유실물,아수의 눈물방울,10
1860,고샤하기,상위,유실물,아수의 큰눈물방울,30
1861,고샤하기,상위,동반자 아이루의 수집품,설귀수의 억센 털,39
1862,고샤하기,상위,동반자 아이루의 수집품,설귀수의 가죽+,28
1863,고샤하기,상위,동반자 아이루의 수집품,설귀수의 견완갑,20
1864,고샤하기,상위,동반자 아이루의 수집품,빙결 얼음덩어리+,12
1865,고샤하기,상위,동반자 아이루의 수집품,수옥,1
1866,오사이즈치,하위,타겟 보수,겸유룡의 가죽,21
1867,오사이즈치,하위,타겟 보수,겸유룡의 털,36
1868,오사이즈치,하위,타겟 보수,겸유룡의 칼꼬리,5
1869,오사이즈치,하위,타겟 보수,울음주머니,26
1870,오사이즈치,하위,타겟 보수,용골【소】,12
1871,오사이즈치,하위,갈무리 소재,겸유룡의 가죽,43
1872,오사이즈치,하위,갈무리 소재,겸유룡의 털,33
1873,오사이즈치,하위,갈무리 소재,울음주머니,24
1874,오사이즈치,하위,포획 보수,겸유룡의 가죽,26
1875,오사이즈치,하위,포획 보수,겸유룡의 털,39
1876,오사이즈치,하위,포획 보수,겸유룡의 칼꼬리,15
1877,오사이즈치,하위,포획 보수,울음주머니,20
1878,오사이즈치,하위,부위 파괴 보수,울음주머니,70
1879,오사이즈치,하위,부위 파괴 보수,겸유룡의 털,30
1880,오사이즈치,하위,부위 파괴 보수,겸유룡의 칼꼬리,80
1881,오사이즈치,하위,부위 파괴 보수,겸유룡의 가죽,20
1882,오사이즈치,하위,유실물,겸유룡의 가죽,30
1883,오사이즈치,하위,유실물,겸유룡의 털,20
1884,오사이즈치,하위,유실물,용의 눈물방울,50
1885,오사이즈치,하위,유실물,겸유룡의 가죽,60
1886,오사이즈치,하위,유실물,겸유룡의 털,40
1887,오사이즈치,하위,동반자 아이루의 수집품,겸유룡의 가죽,34
1888,오사이즈치,하위,동반자 아이루의 수집품,겸유룡의 털,24
1889,오사이즈치,하위,동반자 아이루의 수집품,울음주머니,42
1890,오사이즈치,상위,타겟 보수,겸유룡의 가죽+,23
1891,오사이즈치,상위,타겟 보수,겸유룡의 털+,39
1892,오사이즈치,상위,타겟 보수,겸유룡의 칼꼬리+,5
1893,오사이즈치,상위,타겟 보수,울음주머니,18
1894,오사이즈치,상위,타겟 보수,용골+,13
1895,오사이즈치,상위,타겟 보수,조룡옥,2
1896,오사이즈치,상위,갈무리 소재,겸유룡의 가죽+,44
1897,오사이즈치,상위,갈무리 소재,겸유룡의 털+,35
1898,오사이즈치,상위,갈무리 소재,울음주머니,20
1899,오사이즈치,상위,갈무리 소재,조룡옥,1
1900,오사이즈치,상위,포획 보수,겸유룡의 가죽+,27
1901,오사이즈치,상위,포획 보수,겸유룡의 털+,39
1902,오사이즈치,상위,포획 보수,겸유룡의 칼꼬리+,15
1903,오사이즈치,상위,포획 보수,울음주머니,16
1904,오사이즈치,상위,포획 보수,조룡옥,3
1905,오사이즈치,상위,부위 파괴 보수,울음주머니,65
1906,오사이즈치,상위,부위 파괴 보수,겸유룡의 털+,32
1907,오사이즈치,상위,부위 파괴 보수,조룡옥,3
1908,오사이즈치,상위,부위 파괴 보수,겸유룡의 칼꼬리+,80
1909,오사이즈치,상위,부위 파괴 보수,겸유룡의 가죽+,20
1910,오사이즈치,상위,유실물,겸유룡의 가죽+,29
1911,오사이즈치,상위,유실물,겸유룡의 털+,20
1912,오사이즈치,상위,유실물,조룡옥,1
1913,오사이즈치,상위,유실물,용의 눈물방울,30
1914,오사이즈치,상위,유실물,용의 큰눈물방울,20
1915,오사이즈치,상위,유실물,겸유룡의 가죽+,60
1916,오사이즈치,상위,유실물,겸유룡의 털+,40
1917,오사이즈치,상위,동반자 아이루의 수집품,겸유룡의 가죽+,34
1918,오사이즈치,상위,동반자 아이루의 수집품,겸유룡의 털+,24
1919,오사이즈치,상위,동반자 아이루의 수집품,울음주머니,42
1920,나루하타타히메,상위,타겟 보수,뇌신룡의 견갑각,22
1921,나루하타타히메,상위,타겟 보수,뇌신룡의 가죽+,32
1922,나루하타타히메,상위,타겟 보수,뇌신룡의 첨예뿔,12
1923,나루하타타히메,상위,타겟 보수,뇌신룡의 번개주머니,14
1924,나루하타타히메,상위,타겟 보수,뇌신룡의 촉수,18
1925,나루하타타히메,상위,타겟 보수,뇌신의 용옥,2
1926,나루하타타히메,상위,갈무리 소재,뇌신룡의 견갑각,37
1927,나루하타타히메,상위,갈무리 소재,뇌신룡의 가죽+,29
1928,나루하타타히메,상위,갈무리 소재,뇌신룡의 첨예발톱,21
1929,나루하타타히메,상위,갈무리 소재,뇌신룡의 촉수,12
1930,나루하타타히메,상위,갈무리 소재,뇌신의 용옥,1
1931,나루하타타히메,상위,갈무리 소재,뇌신룡의 번개주머니,80
1932,나루하타타히메,상위,갈무리 소재,뇌신룡의 견갑각,17
1933,나루하타타히메,상위,갈무리 소재,뇌신의 용옥,3
1934,나루하타타히메,상위,부위 파괴 보수,뇌신룡의 첨예뿔,80
1935,나루하타타히메,상위,부위 파괴 보수,뇌신룡의 가죽+,17
1936,나루하타타히메,상위,부위 파괴 보수,뇌신의 용옥,3
1937,나루하타타히메,상위,부위 파괴 보수,뇌신룡의 첨예발톱,80
1938,나루하타타히메,상위,부위 파괴 보수,뇌신룡의 번개주머니,20
1939,나루하타타히메,상위,부위 파괴 보수,뇌신룡의 번개주머니,60
1940,나루하타타히메,상위,부위 파괴 보수,뇌신룡의 촉수,40
1941,나루하타타히메,상위,부위 파괴 보수,뇌신룡의 가죽+,97
1942,나루하타타히메,상위,부위 파괴 보수,뇌신의 용옥,3
1943,나루하타타히메,상위,유실물,용의 보물,29
1944,나루하타타히메,상위,유실물,뇌신룡의 첨예발톱,20
1945,나루하타타히메,상위,유실물,뇌신룡의 번개주머니,30
1946,나루하타타히메,상위,유실물,고룡의 피,20
1947,나루하타타히메,상위,유실물,뇌신의 용옥,1
1948,나루하타타히메,상위,동반자 아이루의 수집품,뇌신룡의 견갑각,49
1949,나루하타타히메,상위,동반자 아이루의 수집품,뇌신룡의 가죽+,35
1950,나루하타타히메,상위,동반자 아이루의 수집품,뇌신룡의 촉수,16
1951,안쟈나프,하위,타겟 보수,만악룡의 모피,20
1952,안쟈나프,하위,타겟 보수,만악룡의 비늘,35
1953,안쟈나프,하위,타겟 보수,만악룡의 코뼈,19
1954,안쟈나프,하위,타겟 보수,만악룡의 꼬리,9
1955,안쟈나프,하위,타겟 보수,만악룡의 역린,2
1956,안쟈나프,하위,타겟 보수,화염주머니,15
1957,안쟈나프,하위,갈무리 소재,만악룡의 비늘,31
1958,안쟈나프,하위,갈무리 소재,만악룡의 모피,27
1959,안쟈나프,하위,갈무리 소재,만악룡의 이빨,23
1960,안쟈나프,하위,갈무리 소재,만악룡의 코뼈,18
1961,안쟈나프,하위,갈무리 소재,만악룡의 역린,1
1962,안쟈나프,하위,갈무리 소재,만악룡의 꼬리,70
1963,안쟈나프,하위,갈무리 소재,만악룡의 비늘,27
1964,안쟈나프,하위,갈무리 소재,만악룡의 역린,3
1965,안쟈나프,하위,포획 보수,만악룡의 비늘,31
1966,안쟈나프,하위,포획 보수,만악룡의 모피,21
1967,안쟈나프,하위,포획 보수,만악룡의 이빨,23
1968,안쟈나프,하위,포획 보수,만악룡의 꼬리,12
1969,안쟈나프,하위,포획 보수,만악룡의 역린,3
1970,안쟈나프,하위,포획 보수,화염주머니,10
1971,안쟈나프,하위,부위 파괴 보수,만악룡의 이빨,62
1972,안쟈나프,하위,부위 파괴 보수,만악룡의 코뼈,35
1973,안쟈나프,하위,부위 파괴 보수,만악룡의 역린,3
1974,안쟈나프,하위,부위 파괴 보수,만악룡의 비늘,60
1975,안쟈나프,하위,부위 파괴 보수,만악룡의 비늘,40
1976,안쟈나프,하위,유실물,만악룡의 비늘,39
1977,안쟈나프,하위,유실물,만악룡의 이빨,10
1978,안쟈나프,하위,유실물,만악룡의 역린,1
1979,안쟈나프,하위,유실물,용의 눈물방울,50
1980,안쟈나프,하위,유실물,만악룡의 비늘,50
1981,안쟈나프,하위,유실물,만악룡의 모피,30
1982,안쟈나프,하위,유실물,만악룡의 이빨,20
1983,안쟈나프,하위,동반자 아이루의 수집품,만악룡의 비늘,39
1984,안쟈나프,하위,동반자 아이루의 수집품,만악룡의 모피,24
1985,안쟈나프,하위,동반자 아이루의 수집품,만악룡의 이빨,9
1986,안쟈나프,하위,동반자 아이루의 수집품,만악룡의 코뼈,12
1987,안쟈나프,하위,동반자 아이루의 수집품,화염주머니,16
1988,안쟈나프,상위,타겟 보수,만악룡의 모피+,20
1989,안쟈나프,상위,타겟 보수,만악룡의 비늘+,34
1990,안쟈나프,상위,타겟 보수,만악룡의 큰 코뼈,18
1991,안쟈나프,상위,타겟 보수,만악룡의 꼬리,6
1992,안쟈나프,상위,타겟 보수,만악룡의 역린,5
1993,안쟈나프,상위,타겟 보수,만악룡의 보옥,2
1994,안쟈나프,상위,타겟 보수,폭염주머니,15
1995,안쟈나프,상위,갈무리 소재,만악룡의 비늘+,30
1996,안쟈나프,상위,갈무리 소재,만악룡의 모피+,26
1997,안쟈나프,상위,갈무리 소재,만악룡의 이빨+,22
1998,안쟈나프,상위,갈무리 소재,만악룡의 큰 코뼈,17
1999,안쟈나프,상위,갈무리 소재,만악룡의 역린,4
2000,안쟈나프,상위,갈무리 소재,만악룡의 보옥,1
2001,안쟈나프,상위,갈무리 소재,만악룡의 꼬리,65
2002,안쟈나프,상위,갈무리 소재,만악룡의 비늘+,25
2003,안쟈나프,상위,갈무리 소재,만악룡의 역린,7
2004,안쟈나프,상위,갈무리 소재,만악룡의 보옥,3
2005,안쟈나프,상위,포획 보수,만악룡의 비늘+,31
2006,안쟈나프,상위,포획 보수,만악룡의 모피+,21
2007,안쟈나프,상위,포획 보수,만악룡의 이빨+,23
2008,안쟈나프,상위,포획 보수,만악룡의 꼬리,8
2009,안쟈나프,상위,포획 보수,만악룡의 역린,7
2010,안쟈나프,상위,포획 보수,만악룡의 보옥,3
2011,안쟈나프,상위,포획 보수,폭염주머니,7
2012,안쟈나프,상위,부위 파괴 보수,만악룡의 이빨+,60
2013,안쟈나프,상위,부위 파괴 보수,만악룡의 큰 코뼈,30
2014,안쟈나프,상위,부위 파괴 보수,만악룡의 역린,7
2015,안쟈나프,상위,부위 파괴 보수,만악룡의 보옥,3
2016,안쟈나프,상위,부위 파괴 보수,만악룡의 비늘+,60
2017,안쟈나프,상위,부위 파괴 보수,만악룡의 비늘+,40
2018,안쟈나프,상위,유실물,만악룡의 비늘+,36
2019,안쟈나프,상위,유실물,만악룡의 이빨+,10
2020,안쟈나프,상위,유실물,만악룡의 역린,3
2021,안쟈나프,상위,유실물,만악룡의 보옥,1
2022,안쟈나프,상위,유실물,용의 눈물방울,15
2023,안쟈나프,상위,유실물,용의 큰눈물방울,35
2024,안쟈나프,상위,유실물,만악룡의 비늘+,49
2025,안쟈나프,상위,유실물,만악룡의 모피+,30
2026,안쟈나프,상위,유실물,만악룡의 이빨+,20
2027,안쟈나프,상위,유실물,만악룡의 역린,1
2028,안쟈나프,상위,동반자 아이루의 수집품,만악룡의 비늘+,38
2029,안쟈나프,상위,동반자 아이루의 수집품,만악룡의 모피+,23
2030,안쟈나프,상위,동반자 아이루의 수집품,만악룡의 이빨+,9
2031,안쟈나프,상위,동반자 아이루의 수집품,만악룡의 큰 코뼈,12
2032,안쟈나프,상위,동반자 아이루의 수집품,만악룡의 역린,2
2033,안쟈나프,상위,동반자 아이루의 수집품,폭염주머니,16
2034,푸케푸케,하위,타겟 보수,독요조의 비늘,20
2035,푸케푸케,하위,타겟 보수,독요조의 갑각,27
2036,푸케푸케,하위,타겟 보수,독요조의 깃털,11
2037,푸케푸케,하위,타겟 보수,독요조의 꼬리,7
2038,푸케푸케,하위,타겟 보수,독요조의 후대,14
2039,푸케푸케,하위,타겟 보수,독주머니,11
2040,푸케푸케,하위,타겟 보수,용골【대】,10
2041,푸케푸케,하위,갈무리 소재,독요조의 비늘,42
2042,푸케푸케,하위,갈무리 소재,독요조의 갑각,32
2043,푸케푸케,하위,갈무리 소재,독요조의 깃털,10
2044,푸케푸케,하위,갈무리 소재,독요조의 후대,16
2045,푸케푸케,하위,갈무리 소재,독요조의 꼬리,80
2046,푸케푸케,하위,갈무리 소재,독요조의 갑각,20
2047,푸케푸케,하위,포획 보수,독요조의 비늘,19
2048,푸케푸케,하위,포획 보수,독요조의 갑각,31
2049,푸케푸케,하위,포획 보수,독요조의 깃털,16
2050,푸케푸케,하위,포획 보수,독요조의 꼬리,12
2051,푸케푸케,하위,포획 보수,독요조의 후대,22
2052,푸케푸케,하위,부위 파괴 보수,독요조의 후대,75
2053,푸케푸케,하위,부위 파괴 보수,독요조의 비늘,25
2054,푸케푸케,하위,부위 파괴 보수,독요조의 깃털,80
2055,푸케푸케,하위,부위 파괴 보수,독요조의 비늘,20
2056,푸케푸케,하위,부위 파괴 보수,독요조의 갑각,80
2057,푸케푸케,하위,부위 파괴 보수,독요조의 비늘,20
2058,푸케푸케,하위,유실물,독요조의 비늘,35
2059,푸케푸케,하위,유실물,독요조의 갑각,15
2060,푸케푸케,하위,유실물,용의 눈물방울,50
2061,푸케푸케,하위,유실물,독요조의 비늘,60
2062,푸케푸케,하위,유실물,독요조의 갑각,40
2063,푸케푸케,하위,동반자 아이루의 수집품,독요조의 비늘,41
2064,푸케푸케,하위,동반자 아이루의 수집품,독요조의 갑각,31
2065,푸케푸케,하위,동반자 아이루의 수집품,독요조의 깃털,11
2066,푸케푸케,하위,동반자 아이루의 수집품,독요조의 후대,17
2067,푸케푸케,상위,타겟 보수,독요조의 비늘+,21
2068,푸케푸케,상위,타겟 보수,독요조의 견갑각,28
2069,푸케푸케,상위,타겟 보수,독요조의 날개,12
2070,푸케푸케,상위,타겟 보수,독요조의 후대+,15
2071,푸케푸케,상위,타겟 보수,맹독주머니,11
2072,푸케푸케,상위,타겟 보수,첨룡골,10
2073,푸케푸케,상위,타겟 보수,조룡옥,3
2074,푸케푸케,상위,갈무리 소재,독요조의 비늘+,42
2075,푸케푸케,상위,갈무리 소재,독요조의 견갑각,32
2076,푸케푸케,상위,갈무리 소재,독요조의 날개,10
2077,푸케푸케,상위,갈무리 소재,독요조의 후대+,16
2078,푸케푸케,상위,갈무리 소재,독요조의 꼬리,70
2079,푸케푸케,상위,갈무리 소재,독요조의 견갑각,26
2080,푸케푸케,상위,갈무리 소재,조룡옥,4
2081,푸케푸케,상위,포획 보수,독요조의 비늘+,19
2082,푸케푸케,상위,포획 보수,독요조의 견갑각,34
2083,푸케푸케,상위,포획 보수,독요조의 날개,15
2084,푸케푸케,상위,포획 보수,독요조의 꼬리,9
2085,푸케푸케,상위,포획 보수,독요조의 후대+,18
2086,푸케푸케,상위,포획 보수,조룡옥,5
2087,푸케푸케,상위,부위 파괴 보수,독요조의 후대+,75
2088,푸케푸케,상위,부위 파괴 보수,독요조의 비늘+,22
2089,푸케푸케,상위,부위 파괴 보수,조룡옥,3
2090,푸케푸케,상위,부위 파괴 보수,독요조의 날개,80
2091,푸케푸케,상위,부위 파괴 보수,독요조의 비늘+,20
2092,푸케푸케,상위,부위 파괴 보수,독요조의 견갑각,80
2093,푸케푸케,상위,부위 파괴 보수,독요조의 비늘+,20
2094,푸케푸케,상위,유실물,독요조의 비늘+,34
2095,푸케푸케,상위,유실물,독요조의 견갑각,15
2096,푸케푸케,상위,유실물,조룡옥,1
2097,푸케푸케,상위,유실물,용의 눈물방울,25
2098,푸케푸케,상위,유실물,용의 큰눈물방울,25
2099,푸케푸케,상위,유실물,독요조의 비늘+,60
2100,푸케푸케,상위,유실물,독요조의 견갑각,40
2101,푸케푸케,상위,동반자 아이루의 수집품,독요조의 비늘+,41
2102,푸케푸케,상위,동반자 아이루의 수집품,독요조의 견갑각,31
2103,푸케푸케,상위,동반자 아이루의 수집품,독요조의 날개,11
2104,푸케푸케,상위,동반자 아이루의 수집품,독요조의 후대+,17
2105,쿠루루야크,하위,타겟 보수,소조의 비늘,25
2106,쿠루루야크,하위,타겟 보수,소조의 가죽,41
2107,쿠루루야크,하위,타겟 보수,소조의 장식깃털,13
2108,쿠루루야크,하위,타겟 보수,소조의 부리,7
2109,쿠루루야크,하위,타겟 보수,용골【중】,14
2110,쿠루루야크,하위,갈무리 소재,소조의 비늘,46
2111,쿠루루야크,하위,갈무리 소재,소조의 가죽,36
2112,쿠루루야크,하위,갈무리 소재,소조의 장식깃털,18
2113,쿠루루야크,하위,포획 보수,소조의 비늘,22
2114,쿠루루야크,하위,포획 보수,소조의 가죽,43
2115,쿠루루야크,하위,포획 보수,소조의 장식깃털,23
2116,쿠루루야크,하위,포획 보수,소조의 부리,12
2117,쿠루루야크,하위,부위 파괴 보수,소조의 부리,80
2118,쿠루루야크,하위,부위 파괴 보수,소조의 가죽,20
2119,쿠루루야크,하위,부위 파괴 보수,소조의 장식깃털,80
2120,쿠루루야크,하위,부위 파괴 보수,소조의 비늘,20
2121,쿠루루야크,하위,유실물,소조의 비늘,35
2122,쿠루루야크,하위,유실물,소조의 장식깃털,15
2123,쿠루루야크,하위,유실물,용의 눈물방울,50
2124,쿠루루야크,하위,유실물,소조의 비늘,60
2125,쿠루루야크,하위,유실물,소조의 가죽,40
2126,쿠루루야크,하위,동반자 아이루의 수집품,소조의 비늘,54
2127,쿠루루야크,하위,동반자 아이루의 수집품,소조의 가죽,38
2128,쿠루루야크,하위,동반자 아이루의 수집품,소조의 장식깃털,8
2129,쿠루루야크,상위,타겟 보수,소조의 비늘+,24
2130,쿠루루야크,상위,타겟 보수,소조의 가죽+,41
2131,쿠루루야크,상위,타겟 보수,소조의 큰 장식깃털,13
2132,쿠루루야크,상위,타겟 보수,소조의 큰 부리,7
2133,쿠루루야크,상위,타겟 보수,용골+,12
2134,쿠루루야크,상위,타겟 보수,조룡옥,3
2135,쿠루루야크,상위,갈무리 소재,소조의 비늘+,44
2136,쿠루루야크,상위,갈무리 소재,소조의 가죽+,35
2137,쿠루루야크,상위,갈무리 소재,소조의 큰 장식깃털,18
2138,쿠루루야크,상위,갈무리 소재,조룡옥,3
2139,쿠루루야크,상위,포획 보수,소조의 비늘+,22
2140,쿠루루야크,상위,포획 보수,소조의 가죽+,41
2141,쿠루루야크,상위,포획 보수,소조의 큰 장식깃털,20
2142,쿠루루야크,상위,포획 보수,소조의 큰 부리,12
2143,쿠루루야크,상위,포획 보수,조룡옥,5
2144,쿠루루야크,상위,부위 파괴 보수,소조의 큰 부리,80
2145,쿠루루야크,상위,부위 파괴 보수,소조의 가죽+,15
2146,쿠루루야크,상위,부위 파괴 보수,조룡옥,5
2147,쿠루루야크,상위,부위 파괴 보수,소조의 큰 장식깃털,80
2148,쿠루루야크,상위,부위 파괴 보수,소조의 비늘+,20
2149,쿠루루야크,상위,유실물,소조의 비늘+,34
2150,쿠루루야크,상위,유실물,소조의 큰 장식깃털,15
2151,쿠루루야크,상위,유실물,조룡옥,1
2152,쿠루루야크,상위,유실물,용의 눈물방울,30
2153,쿠루루야크,상위,유실물,용의 큰눈물방울,20
2154,쿠루루야크,상위,유실물,소조의 비늘+,60
2155,쿠루루야크,상위,유실물,소조의 가죽+,40
2156,쿠루루야크,상위,동반자 아이루의 수집품,소조의 가죽+,54
2157,쿠루루야크,상위,동반자 아이루의 수집품,소조의 비늘+,38
2158,쿠루루야크,상위,동반자 아이루의 수집품,소조의 큰 장식깃털,8
2159,쥬라토도스,상위,타겟 보수,이어룡의 견갑각,12
2160,쥬라토도스,상위,타겟 보수,이어룡의 비늘+,34
2161,쥬라토도스,상위,타겟 보수,이어룡의 이빨+,14
2162,쥬라토도스,상위,타겟 보수,이어룡의 지느러미+,9
2163,쥬라토도스,상위,타겟 보수,첨룡골,12
2164,쥬라토도스,상위,타겟 보수,큰물주머니,16
2165,쥬라토도스,상위,타겟 보수,용옥,3
2166,쥬라토도스,상위,갈무리 소재,이어룡의 비늘+,37
2167,쥬라토도스,상위,갈무리 소재,이어룡의 견갑각,27
2168,쥬라토도스,상위,갈무리 소재,이어룡의 이빨+,15
2169,쥬라토도스,상위,갈무리 소재,이어룡의 지느러미+,20
2170,쥬라토도스,상위,갈무리 소재,용옥,1
2171,쥬라토도스,상위,포획 보수,이어룡의 비늘+,19
2172,쥬라토도스,상위,포획 보수,이어룡의 견갑각,33
2173,쥬라토도스,상위,포획 보수,이어룡의 이빨+,25
2174,쥬라토도스,상위,포획 보수,이어룡의 지느러미+,19
2175,쥬라토도스,상위,포획 보수,용옥,4
2176,쥬라토도스,상위,부위 파괴 보수,이어룡의 이빨+,100
2177,쥬라토도스,상위,부위 파괴 보수,이어룡의 지느러미+,100
2178,쥬라토도스,상위,부위 파괴 보수,이어룡의 견갑각,100
2179,쥬라토도스,상위,부위 파괴 보수,이어룡의 비늘+,100
2180,쥬라토도스,상위,유실물,이어룡의 비늘+,37
2181,쥬라토도스,상위,유실물,이어룡의 이빨+,12
2182,쥬라토도스,상위,유실물,용옥,1
2183,쥬라토도스,상위,유실물,용의 눈물방울,25
2184,쥬라토도스,상위,유실물,용의 큰눈물방울,25
2185,쥬라토도스,상위,유실물,이어룡의 비늘+,50
2186,쥬라토도스,상위,유실물,이어룡의 견갑각,30
2187,쥬라토도스,상위,유실물,이어룡의 이빨+,20
2188,쥬라토도스,상위,동반자 아이루의 수집품,이어룡의 비늘+,43
2189,쥬라토도스,상위,동반자 아이루의 수집품,이어룡의 견갑각,32
2190,쥬라토도스,상위,동반자 아이루의 수집품,이어룡의 이빨+,11
2191,쥬라토도스,상위,동반자 아이루의 수집품,이어룡의 지느러미+,14
2192,토비카가치,하위,타겟 보수,비뢰룡의 모피,13
2193,토비카가치,하위,타겟 보수,비뢰룡의 비늘,29
2194,토비카가치,하위,타겟 보수,비뢰룡의 피막,23
2195,토비카가치,하위,타겟 보수,비뢰룡의 손톱,15
2196,토비카가치,하위,타겟 보수,비뢰룡의 전극침,8
2197,토비카가치,하위,타겟 보수,전기주머니,12
2198,토비카가치,하위,갈무리 소재,비뢰룡의 비늘,38
2199,토비카가치,하위,갈무리 소재,비뢰룡의 모피,27
2200,토비카가치,하위,갈무리 소재,비뢰룡의 피막,23
2201,토비카가치,하위,갈무리 소재,비뢰룡의 손톱,12
2202,토비카가치,하위,포획 보수,비뢰룡의 비늘,19
2203,토비카가치,하위,포획 보수,비뢰룡의 모피,12
2204,토비카가치,하위,포획 보수,비뢰룡의 피막,22
2205,토비카가치,하위,포획 보수,비뢰룡의 손톱,33
2206,토비카가치,하위,포획 보수,비뢰룡의 전극침,14
2207,토비카가치,하위,부위 파괴 보수,비뢰룡의 전극침,80
2208,토비카가치,하위,부위 파괴 보수,비뢰룡의 비늘,20
2209,토비카가치,하위,부위 파괴 보수,비뢰룡의 손톱,80
2210,토비카가치,하위,부위 파괴 보수,비뢰룡의 비늘,20
2211,토비카가치,하위,부위 파괴 보수,비뢰룡의 모피,70
2212,토비카가치,하위,부위 파괴 보수,비뢰룡의 비늘,30
2213,토비카가치,하위,부위 파괴 보수,비뢰룡의 전극침,80
2214,토비카가치,하위,부위 파괴 보수,비뢰룡의 모피,20
2215,토비카가치,하위,유실물,비뢰룡의 비늘,40
2216,토비카가치,하위,유실물,비뢰룡의 손톱,10
2217,토비카가치,하위,유실물,용의 눈물방울,50
2218,토비카가치,하위,유실물,비뢰룡의 비늘,50
2219,토비카가치,하위,유실물,비뢰룡의 모피,35
2220,토비카가치,하위,유실물,비뢰룡의 손톱,15
2221,토비카가치,하위,동반자 아이루의 수집품,비뢰룡의 비늘,37
2222,토비카가치,하위,동반자 아이루의 수집품,비뢰룡의 모피,27
2223,토비카가치,하위,동반자 아이루의 수집품,비뢰룡의 피막,21
2224,토비카가치,하위,동반자 아이루의 수집품,비뢰룡의 손톱,15
2225,토비카가치,상위,타겟 보수,비뢰룡의 모피+,17
2226,토비카가치,상위,타겟 보수,비뢰룡의 비늘+,34
2227,토비카가치,상위,타겟 보수,비뢰룡의 첨예발톱,24
2228,토비카가치,상위,타겟 보수,비뢰룡의 전극침,9
2229,토비카가치,상위,타겟 보수,전격주머니,14
2230,토비카가치,상위,타겟 보수,용옥,2
2231,토비카가치,상위,갈무리 소재,비뢰룡의 비늘+,43
2232,토비카가치,상위,갈무리 소재,비뢰룡의 모피+,31
2233,토비카가치,상위,갈무리 소재,비뢰룡의 피막,12
2234,토비카가치,상위,갈무리 소재,비뢰룡의 첨예발톱,13
2235,토비카가치,상위,갈무리 소재,용옥,1
2236,토비카가치,상위,포획 보수,비뢰룡의 비늘+,22
2237,토비카가치,상위,포획 보수,비뢰룡의 모피+,14
2238,토비카가치,상위,포획 보수,비뢰룡의 피막,13
2239,토비카가치,상위,포획 보수,비뢰룡의 첨예발톱,34
2240,토비카가치,상위,포획 보수,비뢰룡의 전극침,14
2241,토비카가치,상위,포획 보수,용옥,3
2242,토비카가치,상위,부위 파괴 보수,비뢰룡의 전극침,80
2243,토비카가치,상위,부위 파괴 보수,비뢰룡의 비늘+,17
2244,토비카가치,상위,부위 파괴 보수,용옥,3
2245,토비카가치,상위,부위 파괴 보수,비뢰룡의 첨예발톱,80
2246,토비카가치,상위,부위 파괴 보수,비뢰룡의 비늘+,20
2247,토비카가치,상위,부위 파괴 보수,비뢰룡의 모피+,70
2248,토비카가치,상위,부위 파괴 보수,비뢰룡의 비늘+,30
2249,토비카가치,상위,부위 파괴 보수,비뢰룡의 전극침,80
2250,토비카가치,상위,부위 파괴 보수,비뢰룡의 모피+,20
2251,토비카가치,상위,유실물,비뢰룡의 비늘+,39
2252,토비카가치,상위,유실물,비뢰룡의 첨예발톱,10
2253,토비카가치,상위,유실물,용옥,1
2254,토비카가치,상위,유실물,용의 눈물방울,20
2255,토비카가치,상위,유실물,용의 큰눈물방울,30
2256,토비카가치,상위,유실물,비뢰룡의 비늘+,50
2257,토비카가치,상위,유실물,비뢰룡의 모피+,35
2258,토비카가치,상위,유실물,비뢰룡의 첨예발톱,15
2259,토비카가치,상위,동반자 아이루의 수집품,비뢰룡의 비늘+,41
2260,토비카가치,상위,동반자 아이루의 수집품,비뢰룡의 모피+,29
2261,토비카가치,상위,동반자 아이루의 수집품,비뢰룡의 피막,12
2262,토비카가치,상위,동반자 아이루의 수집품,비뢰룡의 첨예발톱,18
2263,켈비,하위,갈무리 소재,켈비의 뿔,30
2264,켈비,하위,갈무리 소재,따뜻한 모피,45
2265,켈비,하위,갈무리 소재,날고기,10
2266,켈비,하위,갈무리 소재,화이트리버,15
2267,켈비,하위,유실물,켈비의 뿔,100
2268,켈비,하위,동반자 아이루의 수집품,켈비의 뿔,30
2269,켈비,하위,동반자 아이루의 수집품,따뜻한 모피,45
2270,켈비,하위,동반자 아이루의 수집품,날고기,10
2271,켈비,하위,동반자 아이루의 수집품,화이트리버,15
2272,켈비,상위,갈무리 소재,켈비의 뿔,30
2273,켈비,상위,갈무리 소재,양질의 모피,45
2274,켈비,상위,갈무리 소재,날고기,10
2275,켈비,상위,갈무리 소재,화이트리버,15
2276,켈비,상위,유실물,켈비의 뿔,100
2277,켈비,상위,동반자 아이루의 수집품,켈비의 뿔,30
2278,켈비,상위,동반자 아이루의 수집품,양질의 모피,45
2279,켈비,상위,동반자 아이루의 수집품,날고기,10
2280,켈비,상위,동반자 아이루의 수집품,화이트리버,15
2281,아이루,하위,갈무리 소재,동글동글 도토리,79
2282,아이루,하위,갈무리 소재,발바닥 스탬프,21
2283,아이루,하위,유실물,응급약,54
2284,아이루,하위,유실물,동글동글 도토리,32
2285,아이루,하위,유실물,발바닥 스탬프,14
2286,아이루,하위,유실물,응급약,54
2287,아이루,하위,유실물,동글동글 도토리,32
2288,아이루,하위,유실물,발바닥 스탬프,14
2289,아이루,하위,유실물,응급약,54
2290,아이루,하위,유실물,동글동글 도토리,32
2291,아이루,하위,유실물,발바닥 스탬프,14
2292,아이루,하위,동반자 아이루의 수집품,동글동글 도토리,79
2293,아이루,하위,동반자 아이루의 수집품,발바닥 스탬프,21
2294,아이루,상위,갈무리 소재,동글동글 도토리,79
2295,아이루,상위,갈무리 소재,발바닥 스탬프,21
2296,아이루,상위,유실물,응급약,54
2297,아이루,상위,유실물,동글동글 도토리,32
2298,아이루,상위,유실물,발바닥 스탬프,14
2299,아이루,상위,유실물,응급약,54
2300,아이루,상위,유실물,동글동글 도토리,32
2301,아이루,상위,유실물,발바닥 스탬프,14
2302,아이루,상위,유실물,응급약,54
2303,아이루,상위,유실물,동글동글 도토리,32
2304,아이루,상위,유실물,발바닥 스탬프,14
2305,아이루,상위,동반자 아이루의 수집품,동글동글 도토리,79
2306,아이루,상위,동반자 아이루의 수집품,발바닥 스탬프,21
2307,메라루,하위,갈무리 소재,비밀 주머니,75
2308,메라루,하위,갈무리 소재,발바닥 스탬프,25
2309,메라루,하위,유실물,비밀 주머니,52
2310,메라루,하위,유실물,휴대 식량,28
2311,메라루,하위,유실물,발바닥 스탬프,20
2312,메라루,하위,유실물,비밀 주머니,52
2313,메라루,하위,유실물,휴대 식량,28
2314,메라루,하위,유실물,발바닥 스탬프,20
2315,메라루,하위,유실물,비밀 주머니,52
2316,메라루,하위,유실물,휴대 식량,28
2317,메라루,하위,유실물,발바닥 스탬프,20
2318,메라루,하위,동반자 아이루의 수집품,비밀 주머니,75
2319,메라루,하위,동반자 아이루의 수집품,발바닥 스탬프,25
2320,메라루,상위,갈무리 소재,비밀 주머니,75
2321,메라루,상위,갈무리 소재,발바닥 스탬프,25
2322,메라루,상위,유실물,비밀 주머니,52
2323,메라루,상위,유실물,휴대 식량,28
2324,메라루,상위,유실물,발바닥 스탬프,20
2325,메라루,상위,유실물,비밀 주머니,52
2326,메라루,상위,유실물,휴대 식량,28
2327,메라루,상위,유실물,발바닥 스탬프,20
2328,메라루,상위,유실물,비밀 주머니,52
2329,메라루,상위,유실물,휴대 식량,28
2330,메라루,상위,유실물,발바닥 스탬프,20
2331,메라루,상위,동반자 아이루의 수집품,비밀 주머니,75
2332,메라루,상위,동반자 아이루의 수집품,발바닥 스탬프,25
2333,불팽고,하위,갈무리 소재,팽고의 모피,60
2334,불팽고,하위,갈무리 소재,팽고의 머리,20
2335,불팽고,하위,갈무리 소재,뾰족한 이빨,20
2336,불팽고,하위,동반자 아이루의 수집품,팽고의 모피,60
2337,불팽고,하위,동반자 아이루의 수집품,팽고의 머리,20
2338,불팽고,하위,동반자 아이루의 수집품,뾰족한 이빨,20
2339,불팽고,상위,타겟 보수,팽고의 모피+,33
2340,불팽고,상위,타겟 보수,팽고의 모피+,12
2341,불팽고,상위,타겟 보수,팽고의 머리,15
2342,불팽고,상위,타겟 보수,커다란 뼈,18
2343,불팽고,상위,타겟 보수,예리한 이빨,9
2344,불팽고,상위,타겟 보수,푸른버섯,13
2345,불팽고,상위,갈무리 소재,팽고의 모피+,50
2346,불팽고,상위,갈무리 소재,팽고의 머리,17
2347,불팽고,상위,갈무리 소재,커다란 뼈,15
2348,불팽고,상위,갈무리 소재,예리한 이빨,18
2349,불팽고,상위,동반자 아이루의 수집품,팽고의 모피+,50
2350,불팽고,상위,동반자 아이루의 수집품,팽고의 머리,17
2351,불팽고,상위,동반자 아이루의 수집품,커다란 뼈,15
2352,불팽고,상위,동반자 아이루의 수집품,예리한 이빨,18
2353,포포,하위,타겟 보수,날고기,42
2354,포포,하위,타겟 보수,날고기,23
2355,포포,하위,타겟 보수,커다란 뼈,11
2356,포포,하위,타겟 보수,지움열매,24
2357,포포,하위,갈무리 소재,날고기,41
2358,포포,하위,갈무리 소재,포포의 혀,53
2359,포포,하위,갈무리 소재,커다란 뼈,6
2360,포포,하위,동반자 아이루의 수집품,날고기,41
2361,포포,하위,동반자 아이루의 수집품,포포의 혀,53
2362,포포,하위,동반자 아이루의 수집품,커다란 뼈,6
2363,포포,상위,갈무리 소재,날고기,41
2364,포포,상위,갈무리 소재,포포의 혀,53
2365,포포,상위,갈무리 소재,견고한 뼈,6
2366,포포,상위,동반자 아이루의 수집품,날고기,41
2367,포포,상위,동반자 아이루의 수집품,포포의 혀,53
2368,포포,상위,동반자 아이루의 수집품,견고한 뼈,6
2369,가우시카,하위,갈무리 소재,날고기,32
2370,가우시카,하위,갈무리 소재,따뜻한 모피,18
2371,가우시카,하위,갈무리 소재,가우시카의 뿔,40
2372,가우시카,하위,갈무리 소재,화이트리버,10
2373,가우시카,하위,동반자 아이루의 수집품,날고기,32
2374,가우시카,하위,동반자 아이루의 수집품,따뜻한 모피,18
2375,가우시카,하위,동반자 아이루의 수집품,가우시카의 뿔,40
2376,가우시카,하위,동반자 아이루의 수집품,화이트리버,10
2377,가우시카,상위,갈무리 소재,날고기,32
2378,가우시카,상위,갈무리 소재,양질의 모피,18
2379,가우시카,상위,갈무리 소재,가우시카의 뿔,40
2380,가우시카,상위,갈무리 소재,화이트리버,10
2381,가우시카,상위,동반자 아이루의 수집품,날고기,32
2382,가우시카,상위,동반자 아이루의 수집품,양질의 모피,18
2383,가우시카,상위,동반자 아이루의 수집품,가우시카의 뿔,40
2384,가우시카,상위,동반자 아이루의 수집품,화이트리버,10
2385,가브라스,하위,갈무리 소재,익사룡의 가죽,49
2386,가브라스,하위,갈무리 소재,줄무늬 가죽,31
2387,가브라스,하위,갈무리 소재,익사룡의 머리,20
2388,가브라스,하위,동반자 아이루의 수집품,익사룡의 가죽,49
2389,가브라스,하위,동반자 아이루의 수집품,줄무늬 가죽,31
2390,가브라스,하위,동반자 아이루의 수집품,익사룡의 머리,20
2391,가브라스,상위,갈무리 소재,익사룡의 가죽+,54
2392,가브라스,상위,갈무리 소재,줄무늬 가죽,30
2393,가브라스,상위,갈무리 소재,익사룡의 머리,16
2394,가브라스,상위,동반자 아이루의 수집품,익사룡의 가죽+,54
2395,가브라스,상위,동반자 아이루의 수집품,줄무늬 가죽,30
2396,가브라스,상위,동반자 아이루의 수집품,익사룡의 머리,16
2397,리노프로스,하위,갈무리 소재,초식룡의 갑각,35
2398,리노프로스,하위,갈무리 소재,초식룡의 두갑각,20
2399,리노프로스,하위,갈무리 소재,날고기,25
2400,리노프로스,하위,갈무리 소재,용골【중】,20
2401,리노프로스,하위,동반자 아이루의 수집품,초식룡의 갑각,35
2402,리노프로스,하위,동반자 아이루의 수집품,초식룡의 두갑각,20
2403,리노프로스,하위,동반자 아이루의 수집품,날고기,25
2404,리노프로스,하위,동반자 아이루의 수집품,용골【중】,20
2405,리노프로스,상위,타겟 보수,초식룡의 견갑각,24
2406,리노프로스,상위,타겟 보수,초식룡의 견갑각,15
2407,리노프로스,상위,타겟 보수,초식룡의 두갑각,21
2408,리노프로스,상위,타겟 보수,날고기,25
2409,리노프로스,상위,타겟 보수,용골【중】,15
2410,리노프로스,상위,갈무리 소재,초식룡의 견갑각,45
2411,리노프로스,상위,갈무리 소재,초식룡의 두갑각,20
2412,리노프로스,상위,갈무리 소재,날고기,25
2413,리노프로스,상위,갈무리 소재,용골【중】,10
2414,리노프로스,상위,동반자 아이루의 수집품,초식룡의 견갑각,45
2415,리노프로스,상위,동반자 아이루의 수집품,초식룡의 두갑각,20
2416,리노프로스,상위,동반자 아이루의 수집품,날고기,25
2417,리노프로스,상위,동반자 아이루의 수집품,용골【중】,10
2418,브나하브라,하위,타겟 보수,비갑충의 갑각,6
2419,브나하브라,하위,타겟 보수,비갑충의 갑각,16
2420,브나하브라,하위,타겟 보수,비갑충의 날개,12
2421,브나하브라,하위,타겟 보수,비갑충의 날개,23
2422,브나하브라,하위,타겟 보수,비갑충의 마비침,20
2423,브나하브라,하위,타겟 보수,몬스터의 체액,13
2424,브나하브라,하위,타겟 보수,광충,10
2425,브나하브라,하위,갈무리 소재,비갑충의 갑각,34
2426,브나하브라,하위,갈무리 소재,비갑충의 날개,27
2427,브나하브라,하위,갈무리 소재,비갑충의 마비침,22
2428,브나하브라,하위,갈무리 소재,몬스터의 체액,17
2429,브나하브라,하위,동반자 아이루의 수집품,비갑충의 갑각,34
2430,브나하브라,하위,동반자 아이루의 수집품,비갑충의 날개,27
2431,브나하브라,하위,동반자 아이루의 수집품,비갑충의 마비침,22
2432,브나하브라,하위,동반자 아이루의 수집품,몬스터의 체액,17
2433,브나하브라,상위,갈무리 소재,비갑충의 견갑각,39
2434,브나하브라,상위,갈무리 소재,비갑충의 날개,19
2435,브나하브라,상위,갈무리 소재,비갑충의 마비침,14
2436,브나하브라,상위,갈무리 소재,몬스터의 농즙,28
2437,브나하브라,상위,동반자 아이루의 수집품,비갑충의 견갑각,39
2438,브나하브라,상위,동반자 아이루의 수집품,비갑충의 날개,19
2439,브나하브라,상위,동반자 아이루의 수집품,비갑충의 마비침,14
2440,브나하브라,상위,동반자 아이루의 수집품,몬스터의 농즙,28
2441,오르타로스,하위,타겟 보수,갑충의 배주머니,10
2442,오르타로스,하위,타겟 보수,갑충의 배주머니,32
2443,오르타로스,하위,타겟 보수,갑충의 큰턱,9
2444,오르타로스,하위,타겟 보수,갑충의 큰턱,17
2445,오르타로스,하위,타겟 보수,몬스터의 체액,32
2446,오르타로스,하위,갈무리 소재,갑충의 배주머니,50
2447,오르타로스,하위,갈무리 소재,갑충의 큰턱,25
2448,오르타로스,하위,갈무리 소재,몬스터의 체액,25
2449,오르타로스,하위,유실물,숙성버섯,90
2450,오르타로스,하위,유실물,몬스터의 체액,10
2451,오르타로스,하위,유실물,지움열매,90
2452,오르타로스,하위,유실물,몬스터의 체액,10
2453,오르타로스,하위,유실물,벌꿀,90
2454,오르타로스,하위,유실물,몬스터의 체액,10
2455,오르타로스,하위,유실물,아름다운 배주머니,100
2456,오르타로스,하위,유실물,갑충의 배주머니,50
2457,오르타로스,하위,유실물,갑충의 큰턱,25
2458,오르타로스,하위,유실물,몬스터의 체액,25
2459,오르타로스,하위,동반자 아이루의 수집품,갑충의 배주머니,50
2460,오르타로스,하위,동반자 아이루의 수집품,갑충의 큰턱,25
2461,오르타로스,하위,동반자 아이루의 수집품,몬스터의 체액,25
2462,오르타로스,상위,갈무리 소재,양질의 배주머니,55
2463,오르타로스,상위,갈무리 소재,갑충의 큰턱,20
2464,오르타로스,상위,갈무리 소재,몬스터의 농즙,25
2465,오르타로스,상위,유실물,숙성버섯,90
2466,오르타로스,상위,유실물,몬스터의 농즙,10
2467,오르타로스,상위,유실물,지움열매,90
2468,오르타로스,상위,유실물,몬스터의 농즙,10
2469,오르타로스,상위,유실물,벌꿀,90
2470,오르타로스,상위,유실물,몬스터의 농즙,10
2471,오르타로스,상위,유실물,아름다운 배주머니,100
2472,오르타로스,상위,유실물,양질의 배주머니,55
2473,오르타로스,상위,유실물,갑충의 큰턱,20
2474,오르타로스,상위,유실물,몬스터의 농즙,25
2475,오르타로스,상위,동반자 아이루의 수집품,양질의 배주머니,55
2476,오르타로스,상위,동반자 아이루의 수집품,갑충의 큰턱,20
2477,오르타로스,상위,동반자 아이루의 수집품,몬스터의 농즙,25
2478,가쟈우,하위,갈무리 소재,교어의 껍질,70
2479,가쟈우,하위,갈무리 소재,교어의 수염,20
2480,가쟈우,하위,갈무리 소재,뾰족한 이빨,10
2481,가쟈우,하위,동반자 아이루의 수집품,교어의 껍질,70
2482,가쟈우,하위,동반자 아이루의 수집품,교어의 수염,20
2483,가쟈우,하위,동반자 아이루의 수집품,뾰족한 이빨,10
2484,가쟈우,상위,갈무리 소재,교어의 껍질+,70
2485,가쟈우,상위,갈무리 소재,교어의 수염+,20
2486,가쟈우,상위,갈무리 소재,예리한 이빨,10
2487,가쟈우,상위,동반자 아이루의 수집품,교어의 껍질+,70
2488,가쟈우,상위,동반자 아이루의 수집품,교어의 수염+,20
2489,가쟈우,상위,동반자 아이루의 수집품,예리한 이빨,10
2490,재기,하위,타겟 보수,재기의 가죽,8
2491,재기,하위,타겟 보수,재기의 가죽,22
2492,재기,하위,타겟 보수,재기의 비늘,14
2493,재기,하위,타겟 보수,재기의 비늘,24
2494,재기,하위,타겟 보수,울음주머니,20
2495,재기,하위,타겟 보수,뾰족한 이빨,12
2496,재기,하위,갈무리 소재,재기의 가죽,35
2497,재기,하위,갈무리 소재,재기의 비늘,25
2498,재기,하위,갈무리 소재,울음주머니,30
2499,재기,하위,갈무리 소재,뾰족한 이빨,10
2500,재기,하위,동반자 아이루의 수집품,재기의 가죽,35
2501,재기,하위,동반자 아이루의 수집품,재기의 비늘,25
2502,재기,하위,동반자 아이루의 수집품,울음주머니,30
2503,재기,하위,동반자 아이루의 수집품,뾰족한 이빨,10
2504,재기,상위,갈무리 소재,재기의 가죽+,35
2505,재기,상위,갈무리 소재,재기의 비늘+,25
2506,재기,상위,갈무리 소재,울음주머니,30
2507,재기,상위,갈무리 소재,예리한 이빨,10
2508,재기,상위,동반자 아이루의 수집품,재기의 가죽+,35
2509,재기,상위,동반자 아이루의 수집품,재기의 비늘+,25
2510,재기,상위,동반자 아이루의 수집품,울음주머니,30
2511,재기,상위,동반자 아이루의 수집품,예리한 이빨,10
2512,재기노스,하위,타겟 보수,재기의 비늘,8
2513,재기노스,하위,타겟 보수,재기의 비늘,22
2514,재기노스,하위,타겟 보수,재기의 가죽,14
2515,재기노스,하위,타겟 보수,재기의 가죽,24
2516,재기노스,하위,타겟 보수,울음주머니,20
2517,재기노스,하위,타겟 보수,뾰족한 이빨,12
2518,재기노스,하위,갈무리 소재,재기의 가죽,38
2519,재기노스,하위,갈무리 소재,재기의 비늘,32
2520,재기노스,하위,갈무리 소재,울음주머니,20
2521,재기노스,하위,갈무리 소재,뾰족한 이빨,10
2522,재기노스,하위,동반자 아이루의 수집품,재기의 가죽,38
2523,재기노스,하위,동반자 아이루의 수집품,재기의 비늘,32
2524,재기노스,하위,동반자 아이루의 수집품,울음주머니,20
2525,재기노스,하위,동반자 아이루의 수집품,뾰족한 이빨,10
2526,재기노스,상위,갈무리 소재,재기의 가죽+,38
2527,재기노스,상위,갈무리 소재,재기의 비늘+,32
2528,재기노스,상위,갈무리 소재,울음주머니,20
2529,재기노스,상위,갈무리 소재,예리한 이빨,10
2530,재기노스,상위,동반자 아이루의 수집품,재기의 가죽+,38
2531,재기노스,상위,동반자 아이루의 수집품,재기의 비늘+,32
2532,재기노스,상위,동반자 아이루의 수집품,울음주머니,20
2533,재기노스,상위,동반자 아이루의 수집품,예리한 이빨,10
2534,바기,하위,타겟 보수,바기의 비늘,17
2535,바기,하위,타겟 보수,바기의 비늘,13
2536,바기,하위,타겟 보수,바기의 가죽,29
2537,바기,하위,타겟 보수,바기의 가죽,10
2538,바기,하위,타겟 보수,뾰족한 이빨,23
2539,바기,하위,타겟 보수,뾰족한 이빨,8
2540,바기,하위,갈무리 소재,바기의 비늘,48
2541,바기,하위,갈무리 소재,바기의 가죽,37
2542,바기,하위,갈무리 소재,뾰족한 이빨,15
2543,바기,하위,동반자 아이루의 수집품,바기의 비늘,48
2544,바기,하위,동반자 아이루의 수집품,바기의 가죽,37
2545,바기,하위,동반자 아이루의 수집품,뾰족한 이빨,15
2546,바기,상위,타겟 보수,바기의 비늘+,12
2547,바기,상위,타겟 보수,바기의 비늘+,29
2548,바기,상위,타겟 보수,바기의 가죽,14
2549,바기,상위,타겟 보수,바기의 가죽,24
2550,바기,상위,타겟 보수,예리한 이빨,21
2551,바기,상위,갈무리 소재,바기의 비늘+,60
2552,바기,상위,갈무리 소재,바기의 가죽,25
2553,바기,상위,갈무리 소재,예리한 이빨,15
2554,바기,상위,동반자 아이루의 수집품,바기의 비늘+,60
2555,바기,상위,동반자 아이루의 수집품,바기의 가죽,25
2556,바기,상위,동반자 아이루의 수집품,예리한 이빨,15
2557,델크스,하위,타겟 보수,큰 지느러미,16
2558,델크스,하위,타겟 보수,큰 지느러미,39
2559,델크스,하위,타겟 보수,뾰족한 이빨,13
2560,델크스,하위,타겟 보수,뾰족한 이빨,32
2561,델크스,하위,갈무리 소재,몬스터의 간,45
2562,델크스,하위,갈무리 소재,뾰족한 이빨,15
2563,델크스,하위,갈무리 소재,큰 지느러미,40
2564,델크스,하위,동반자 아이루의 수집품,몬스터의 간,45
2565,델크스,하위,동반자 아이루의 수집품,뾰족한 이빨,15
2566,델크스,하위,동반자 아이루의 수집품,큰 지느러미,40
2567,델크스,상위,갈무리 소재,몬스터의 간,40
2568,델크스,상위,갈무리 소재,예리한 이빨,20
2569,델크스,상위,갈무리 소재,양질의 지느러미,40
2570,델크스,상위,동반자 아이루의 수집품,몬스터의 간,40
2571,델크스,상위,동반자 아이루의 수집품,예리한 이빨,20
2572,델크스,상위,동반자 아이루의 수집품,양질의 지느러미,40
2573,루드로스,하위,타겟 보수,수생수의 가죽,10
2574,루드로스,하위,타겟 보수,수생수의 가죽,29
2575,루드로스,하위,타겟 보수,미숙한 해면질,12
2576,루드로스,하위,타겟 보수,미숙한 해면질,16
2577,루드로스,하위,타겟 보수,뾰족한 발톱,21
2578,루드로스,하위,타겟 보수,날고기,12
2579,루드로스,하위,갈무리 소재,수생수의 가죽,52
2580,루드로스,하위,갈무리 소재,미숙한 해면질,36
2581,루드로스,하위,갈무리 소재,뾰족한 발톱,12
2582,루드로스,하위,동반자 아이루의 수집품,수생수의 가죽,52
2583,루드로스,하위,동반자 아이루의 수집품,미숙한 해면질,36
2584,루드로스,하위,동반자 아이루의 수집품,뾰족한 발톱,12
2585,루드로스,상위,타겟 보수,수생수의 가죽+,11
2586,루드로스,상위,타겟 보수,수생수의 가죽+,31
2587,루드로스,상위,타겟 보수,미숙한 해면질,21
2588,루드로스,상위,타겟 보수,예리한 발톱,27
2589,루드로스,상위,타겟 보수,날고기,10
2590,루드로스,상위,갈무리 소재,수생수의 가죽+,56
2591,루드로스,상위,갈무리 소재,미숙한 해면질,28
2592,루드로스,상위,갈무리 소재,예리한 발톱,16
2593,루드로스,상위,동반자 아이루의 수집품,수생수의 가죽+,56
2594,루드로스,상위,동반자 아이루의 수집품,미숙한 해면질,28
2595,루드로스,상위,동반자 아이루의 수집품,예리한 발톱,16
2596,우로코트르,하위,갈무리 소재,용암수의 비늘,72
2597,우로코트르,하위,갈무리 소재,용살열매,10
2598,우로코트르,하위,갈무리 소재,뾰족한 발톱,18
2599,우로코트르,하위,동반자 아이루의 수집품,용암수의 비늘,72
2600,우로코트르,하위,동반자 아이루의 수집품,용살열매,10
2601,우로코트르,하위,동반자 아이루의 수집품,뾰족한 발톱,18
2602,우로코트르,상위,타겟 보수,용암수의 비늘+,10
2603,우로코트르,상위,타겟 보수,용암수의 비늘+,35
2604,우로코트르,상위,타겟 보수,예리한 발톱,16
2605,우로코트르,상위,타겟 보수,예리한 발톱,27
2606,우로코트르,상위,타겟 보수,용살열매,12
2607,우로코트르,상위,갈무리 소재,용암수의 비늘+,72
2608,우로코트르,상위,갈무리 소재,용살열매,10
2609,우로코트르,상위,갈무리 소재,예리한 발톱,18
2610,우로코트르,상위,동반자 아이루의 수집품,용암수의 비늘+,72
2611,우로코트르,상위,동반자 아이루의 수집품,용살열매,10
2612,우로코트르,상위,동반자 아이루의 수집품,예리한 발톱,18
2613,즈와로포스,하위,갈무리 소재,수피유,40
2614,즈와로포스,하위,갈무리 소재,수피룡의 가죽,40
2615,즈와로포스,하위,갈무리 소재,용골【중】,5
2616,즈와로포스,하위,갈무리 소재,날고기,15
2617,즈와로포스,하위,동반자 아이루의 수집품,수피유,40
2618,즈와로포스,하위,동반자 아이루의 수집품,수피룡의 가죽,40
2619,즈와로포스,하위,동반자 아이루의 수집품,용골【중】,5
2620,즈와로포스,하위,동반자 아이루의 수집품,날고기,15
2621,즈와로포스,상위,갈무리 소재,수피유,35
2622,즈와로포스,상위,갈무리 소재,수피룡의 가죽+,45
2623,즈와로포스,상위,갈무리 소재,용골【중】,5
2624,즈와로포스,상위,갈무리 소재,날고기,15
2625,즈와로포스,상위,동반자 아이루의 수집품,수피유,35
2626,즈와로포스,상위,동반자 아이루의 수집품,수피룡의 가죽+,45
2627,즈와로포스,상위,동반자 아이루의 수집품,용골+,5
2628,즈와로포스,상위,동반자 아이루의 수집품,날고기,15
2629,가구아,하위,갈무리 소재,환조의 깃털,25
2630,가구아,하위,갈무리 소재,날고기,60
2631,가구아,하위,갈무리 소재,용골【소】,15
2632,가구아,하위,유실물,가구아의 대변,60
2633,가구아,하위,유실물,약초,40
2634,가구아,하위,유실물,가구아의 알,100
2635,가구아,하위,유실물,가구아의 금알,100
2636,가구아,하위,동반자 아이루의 수집품,환조의 깃털,25
2637,가구아,하위,동반자 아이루의 수집품,날고기,60
2638,가구아,하위,동반자 아이루의 수집품,용골【소】,15
2639,가구아,상위,갈무리 소재,환조의 깃털,35
2640,가구아,상위,갈무리 소재,날고기,60
2641,가구아,상위,갈무리 소재,용골【소】,5
2642,가구아,상위,유실물,가구아의 대변,60
2643,가구아,상위,유실물,약초,40
2644,가구아,상위,유실물,가구아의 알,100
2645,가구아,상위,유실물,가구아의 금알,100
2646,가구아,상위,동반자 아이루의 수집품,환조의 깃털,35
2647,가구아,상위,동반자 아이루의 수집품,날고기,60
2648,가구아,상위,동반자 아이루의 수집품,용골【소】,5
2649,프로기,하위,갈무리 소재,프로기의 비늘,48
2650,프로기,하위,갈무리 소재,프로기의 가죽,37
2651,프로기,하위,갈무리 소재,뾰족한 이빨,15
2652,프로기,하위,동반자 아이루의 수집품,프로기의 비늘,48
2653,프로기,하위,동반자 아이루의 수집품,프로기의 가죽,37
2654,프로기,하위,동반자 아이루의 수집품,뾰족한 이빨,15
2655,프로기,상위,타겟 보수,프로기의 비늘+,12
2656,프로기,상위,타겟 보수,프로기의 비늘+,38
2657,프로기,상위,타겟 보수,프로기의 가죽,16
2658,프로기,상위,타겟 보수,예리한 이빨,12
2659,프로기,상위,타겟 보수,예리한 이빨,22
2660,프로기,상위,갈무리 소재,프로기의 비늘+,60
2661,프로기,상위,갈무리 소재,프로기의 가죽,25
2662,프로기,상위,갈무리 소재,예리한 이빨,15
2663,프로기,상위,동반자 아이루의 수집품,프로기의 비늘+,60
2664,프로기,상위,동반자 아이루의 수집품,프로기의 가죽,25
2665,프로기,상위,동반자 아이루의 수집품,예리한 이빨,15
2666,스쿠아길,하위,타겟 보수,두꺼운 가죽,14
2667,스쿠아길,하위,타겟 보수,두꺼운 가죽,41
2668,스쿠아길,하위,타겟 보수,상어비늘,24
2669,스쿠아길,하위,타겟 보수,뾰족한 이빨,21
2670,스쿠아길,하위,갈무리 소재,두꺼운 가죽,38
2671,스쿠아길,하위,갈무리 소재,상어비늘,27
2672,스쿠아길,하위,갈무리 소재,뾰족한 이빨,12
2673,스쿠아길,하위,갈무리 소재,몬스터의 간,23
2674,스쿠아길,하위,동반자 아이루의 수집품,두꺼운 가죽,38
2675,스쿠아길,하위,동반자 아이루의 수집품,상어비늘,27
2676,스쿠아길,하위,동반자 아이루의 수집품,뾰족한 이빨,12
2677,스쿠아길,하위,동반자 아이루의 수집품,몬스터의 간,23
2678,스쿠아길,상위,갈무리 소재,두꺼운 가죽+,40
2679,스쿠아길,상위,갈무리 소재,상어비늘,30
2680,스쿠아길,상위,갈무리 소재,예리한 이빨,17
2681,스쿠아길,상위,갈무리 소재,몬스터의 간,13
2682,스쿠아길,상위,동반자 아이루의 수집품,두꺼운 가죽+,40
2683,스쿠아길,상위,동반자 아이루의 수집품,상어비늘,30
2684,스쿠아길,상위,동반자 아이루의 수집품,예리한 이빨,17
2685,스쿠아길,상위,동반자 아이루의 수집품,몬스터의 간,13
2686,쟈그라스,하위,타겟 보수,쟈그라스의 가죽,9
2687,쟈그라스,하위,타겟 보수,쟈그라스의 가죽,33
2688,쟈그라스,하위,타겟 보수,쟈그라스의 비늘,11
2689,쟈그라스,하위,타겟 보수,쟈그라스의 비늘,25
2690,쟈그라스,하위,타겟 보수,뾰족한 발톱,22
2691,쟈그라스,하위,갈무리 소재,쟈그라스의 가죽,53
2692,쟈그라스,하위,갈무리 소재,쟈그라스의 비늘,32
2693,쟈그라스,하위,갈무리 소재,뾰족한 발톱,15
2694,쟈그라스,하위,동반자 아이루의 수집품,쟈그라스의 가죽,53
2695,쟈그라스,하위,동반자 아이루의 수집품,쟈그라스의 비늘,32
2696,쟈그라스,하위,동반자 아이루의 수집품,뾰족한 발톱,15
2697,쟈그라스,상위,타겟 보수,쟈그라스의 가죽+,9
2698,쟈그라스,상위,타겟 보수,쟈그라스의 가죽+,33
2699,쟈그라스,상위,타겟 보수,쟈그라스의 비늘+,11
2700,쟈그라스,상위,타겟 보수,쟈그라스의 비늘+,25
2701,쟈그라스,상위,타겟 보수,예리한 발톱,22
2702,쟈그라스,상위,갈무리 소재,쟈그라스의 가죽+,53
2703,쟈그라스,상위,갈무리 소재,쟈그라스의 비늘+,32
2704,쟈그라스,상위,갈무리 소재,예리한 발톱,15
2705,쟈그라스,상위,동반자 아이루의 수집품,쟈그라스의 가죽+,53
2706,쟈그라스,상위,동반자 아이루의 수집품,쟈그라스의 비늘+,32
2707,쟈그라스,상위,동반자 아이루의 수집품,예리한 발톱,15
2708,케스토돈,하위,타겟 보수,케스토돈의 갑각,23
2709,케스토돈,하위,타겟 보수,케스토돈의 갑각,27
2710,케스토돈,하위,타겟 보수,케스토돈의 두갑각,32
2711,케스토돈,하위,타겟 보수,케스토돈의 두갑각,18
2712,케스토돈,하위,갈무리 소재,케스토돈의 갑각,80
2713,케스토돈,하위,갈무리 소재,케스토돈의 두갑각,20
2714,케스토돈,하위,동반자 아이루의 수집품,케스토돈의 갑각,80
2715,케스토돈,하위,동반자 아이루의 수집품,케스토돈의 두갑각,20
2716,케스토돈,상위,타겟 보수,케스토돈의 견갑각,16
2717,케스토돈,상위,타겟 보수,케스토돈의 견갑각,36
2718,케스토돈,상위,타겟 보수,케스토돈의 두갑각,27
2719,케스토돈,상위,타겟 보수,케스토돈의 두갑각,21
2720,케스토돈,상위,갈무리 소재,케스토돈의 견갑각,70
2721,케스토돈,상위,갈무리 소재,케스토돈의 두갑각,30
2722,케스토돈,상위,동반자 아이루의 수집품,케스토돈의 견갑각,70
2723,케스토돈,상위,동반자 아이루의 수집품,케스토돈의 두갑각,30
2724,분부지나,하위,갈무리 소재,날고기,70
2725,분부지나,하위,갈무리 소재,이수의 인화액,30
2726,분부지나,하위,동반자 아이루의 수집품,날고기,70
2727,분부지나,하위,동반자 아이루의 수집품,이수의 인화액,30
2728,분부지나,상위,갈무리 소재,날고기,70
2729,분부지나,상위,갈무리 소재,이수의 인화액,30
2730,분부지나,상위,동반자 아이루의 수집품,날고기,70
2731,분부지나,상위,동반자 아이루의 수집품,이수의 인화액,30
2732,이즈치,하위,타겟 보수,이즈치의 칼꼬리,12
2733,이즈치,하위,타겟 보수,이즈치의 칼꼬리,34
2734,이즈치,하위,타겟 보수,이즈치의 털,11
2735,이즈치,하위,타겟 보수,이즈치의 털,19
2736,이즈치,하위,타겟 보수,뾰족한 발톱,24
2737,이즈치,하위,갈무리 소재,이즈치의 칼꼬리,52
2738,이즈치,하위,갈무리 소재,이즈치의 털,33
2739,이즈치,하위,갈무리 소재,뾰족한 발톱,15
2740,이즈치,하위,동반자 아이루의 수집품,이즈치의 칼꼬리,52
2741,이즈치,하위,동반자 아이루의 수집품,이즈치의 털,33
2742,이즈치,하위,동반자 아이루의 수집품,뾰족한 발톱,15
2743,이즈치,상위,타겟 보수,이즈치의 억센 털,12
2744,이즈치,상위,타겟 보수,이즈치의 억센 털,34
2745,이즈치,상위,타겟 보수,이즈치의 칼꼬리,11
2746,이즈치,상위,타겟 보수,이즈치의 칼꼬리,19
2747,이즈치,상위,타겟 보수,예리한 발톱,24
2748,이즈치,상위,갈무리 소재,이즈치의 칼꼬리,32
2749,이즈치,상위,갈무리 소재,이즈치의 억센 털,53
2750,이즈치,상위,갈무리 소재,예리한 발톱,15
2751,이즈치,상위,동반자 아이루의 수집품,이즈치의 칼꼬리,32
2752,이즈치,상위,동반자 아이루의 수집품,이즈치의 억센 털,53
2753,이즈치,상위,동반자 아이루의 수집품,예리한 발톱,15
2754,츠케히바키,하위,타겟 보수,신지주의 실,9
2755,츠케히바키,하위,타겟 보수,신지주의 실,41
2756,츠케히바키,하위,타겟 보수,뾰족한 발톱,27
2757,츠케히바키,하위,타겟 보수,몬스터의 체액,7
2758,츠케히바키,하위,타겟 보수,몬스터의 체액,16
2759,츠케히바키,하위,갈무리 소재,신지주의 실,53
2760,츠케히바키,하위,갈무리 소재,뾰족한 발톱,15
2761,츠케히바키,하위,갈무리 소재,몬스터의 체액,32
2762,츠케히바키,하위,동반자 아이루의 수집품,신지주의 실,53
2763,츠케히바키,하위,동반자 아이루의 수집품,뾰족한 발톱,15
2764,츠케히바키,하위,동반자 아이루의 수집품,몬스터의 체액,32
2765,츠케히바키,상위,타겟 보수,신지주의 견사,9
2766,츠케히바키,상위,타겟 보수,신지주의 견사,41
2767,츠케히바키,상위,타겟 보수,예리한 발톱,27
2768,츠케히바키,상위,타겟 보수,몬스터의 농즙,7
2769,츠케히바키,상위,타겟 보수,몬스터의 농즙,16
2770,츠케히바키,상위,갈무리 소재,신지주의 견사,53
2771,츠케히바키,상위,갈무리 소재,예리한 발톱,15
2772,츠케히바키,상위,갈무리 소재,몬스터의 농즙,32
2773,츠케히바키,상위,동반자 아이루의 수집품,신지주의 견사,53
2774,츠케히바키,상위,동반자 아이루의 수집품,예리한 발톱,15
2775,츠케히바키,상위,동반자 아이루의 수집품,몬스터의 농즙,32
